path,bpm,rms,centroid,score,tier
01_Rotations/clean_library/2D Music (Original Mix).mp3,123.05,0.24883,2637.8,0.4368,3
01_Rotations/120_CHILLOUT/Can’t Stop My Dreaming (Of You).mp3,117.45,0.12728,1775.5,0.1388,1
01_Rotations/150_HOUSE/adore u.1.flac,123.05,0.18597,2288.8,0.2688,2
01_Rotations/clean_library/16356956_Sunday Visitor_(A Visit From The Mingers).wav,129.2,0.06098,2550.6,0.2888,2
01_Rotations/05. Marky Mark and the Funky Bunch - Good Vibrations.flac,123.05,0.1641,2993.3,0.3001,2
01_Rotations/clean_library/100Hz - Lee Renacre - Whisper - String Mix.wav,129.2,0.11945,1880.4,0.2664,2
"01_Rotations/06 - $uicideboy$, Shakewell - Big Shot Cream Soda.flac",152.0,0.37715,2169.7,0.836,5
01_Rotations/clean_library/1130/Jesse Maas (Original Mix) 134.mp3,89.1,0.2191,4484.5,0.4316,3
01_Rotations/clean_library/2 Full Minds feat. E.Q_/No Smoke Remixes/04 No Smoke (Housey Doings remix).mp3,136.0,0.10042,1857.4,0.3946,2
01_Rotations/clean_library/187 Lockdown/Gunman/03 Gunman (original mix).wav,129.2,0.12169,3848.4,0.43,3
01_Rotations/clean_library/Adam Pits/Element X/01 Gazza.flac,68.0,0.22406,2347.6,0.2788,2
01_Rotations/clean_library/Arseslaughter/Disgrace to the Corpse of Arse/94 Heartwork.mp3,129.2,0.24625,1423.0,0.4614,3
01_Rotations/clean_library/Chris Stussy/Won’t Stop (Don’t)/01 Won’t Stop (Don’t).mp3,89.1,0.24802,2862.8,0.4106,3
01_Rotations/clean_library/DiSKOP/Disk 06/02 Boost.flac,129.2,0.05129,4184.0,0.4022,3
01_Rotations/clean_library/Digitalis/Collected Vinyl Breaks/08 Inside The Computer.flac,136.0,0.19789,2775.6,0.5945,3
01_Rotations/clean_library/Digitalis/Collected Vinyl Breaks/10 I Make Beats.flac,136.0,0.15001,3267.4,0.5688,3
01_Rotations/clean_library/Digitalis/Collected Vinyl Breaks/19 75mins DJ Mix by Digitalis.flac,136.0,0.1851,2800.4,0.5722,3
01_Rotations/clean_library/Holywater/Handle With Care/11 Step Forward.mp3,129.2,0.23119,1918.5,0.4554,3
99_Archive/clean/ACID HARRY - Latina Flex (Original Mix).mp3,123.05,0.29178,2454.0,0.5032,3
"99_Archive/clean/Alex Lago, Maty Badini - Papa Chela (Original Mix).mp3",83.35,0.21706,3028.0,0.3392,2
03_Shows/FraWo_Club/03 Memories Of The Secret.flac,136.0,0.09989,2466.1,0.442,3
"99_Archive/clean/Alex Lago, Maty Badini - Parapapapapa (Original Mix).mp3",123.05,0.20814,3241.1,0.4144,3
99_Archive/clean/Amadeo - Bayila (Original Mix).mp3,129.2,0.24277,3044.0,0.5793,3
99_Archive/clean/Amadeo - Double You (Original Mix).mp3,129.2,0.24901,2885.4,0.5787,3
99_Archive/clean/Amadeo - E-biza (Original Mix).mp3,129.2,0.25061,2700.2,0.5629,3
99_Archive/clean/Amadeo - Portal (Original Mix).mp3,129.2,0.228,2329.2,0.4795,3
99_Archive/clean/AndThen - Lonely Night (Square One Remix).mp3,83.35,0.21923,2922.0,0.3358,2
99_Archive/clean/Andrey Djackonda - Nature's Calling (Minube Remix).mp3,129.2,0.24529,1943.9,0.4854,3
99_Archive/clean/Andrey Djackonda - Nature's Calling (Original Mix).mp3,129.2,0.20064,2411.7,0.4244,3
"99_Archive/clean/BeYou (ES), Uwen - Ass & Things (Original Mix).mp3",129.2,0.32062,2343.5,0.6445,4
"99_Archive/clean/CASSIMM, Pietro, mc panda - Vem Pra Rave (Extended Mix).mp3",63.02,0.29289,2005.1,0.383,2
99_Archive/clean/DJ Sax (VEN) - La Respuesta (Original Mix).mp3,123.05,0.33906,1882.2,0.5048,3
99_Archive/clean/DJ W!ld - La Petite Faveur (Christian Burkhardt Remix).mp3,129.2,0.31235,2377.4,0.6388,4
99_Archive/clean/DJ W!ld - La Petite Faveur (Fsk24 Remix).mp3,129.2,0.2791,2406.5,0.5957,3
99_Archive/clean/DJ W!ld - La Petite Faveur (Original Mix).mp3,129.2,0.27496,2014.8,0.5557,3
99_Archive/clean/DJ W!ld - The Way You Make Me Move (Original Mix).mp3,86.13,0.20271,3275.0,0.3535,2
99_Archive/clean/DL88 - The Essence (Rizzo (Col) Remix).mp3,83.35,0.253,2045.9,0.3314,2
99_Archive/clean/Diamn - That Girl (Original Mix).mp3,129.2,0.26617,2992.0,0.6295,4
99_Archive/clean/Diamn - Filtro Solar (Original Mix).mp3,61.52,0.21413,3276.3,0.3428,2
99_Archive/clean/Diego Sosa - Spit That Sht (Original Mix).mp3,129.2,0.18869,3152.1,0.4811,3
99_Archive/clean/Diego Sosa - Trust Yourself (Bufalo GoLD Remix).mp3,129.2,0.21135,4039.1,0.576,3
99_Archive/clean/Diego Sosa - Trust Yourself (Chamacos Remix).mp3,129.2,0.22084,3051.5,0.5387,3
99_Archive/clean/Diego Sosa - Trust Yourself (Juanci Correia Remix).mp3,129.2,0.19377,3546.3,0.5221,3
99_Archive/clean/Diego Sosa - Trust Yourself (MartinoResi Remix).mp3,129.2,0.28855,2983.4,0.6707,4
99_Archive/clean/Diego Sosa - Trust Yourself (Original Mix).mp3,129.2,0.23758,3316.9,0.6018,4
99_Archive/clean/Diego Sosa - Trust Yourself (Santo G Remix).mp3,129.2,0.21046,3627.2,0.5624,3
99_Archive/clean/Diego Sosa - Work (Original Mix).mp3,129.2,0.21914,2698.5,0.4973,3
99_Archive/clean/Djonii - Rush (Original Mix).mp3,123.05,0.30745,1525.9,0.4621,3
99_Archive/clean/EDEF - House Of Pain (Extended Mix).mp3,129.2,0.21304,3675.2,0.5707,3
99_Archive/clean/Ekoboy - Nobody (Original Mix).mp3,129.2,0.23258,2490.4,0.5084,3
99_Archive/clean/Ekoboy - Shadow World (Original Mix).mp3,129.2,0.24085,1874.9,0.4762,3
99_Archive/clean/Ekoboy - Loner (Original Mix).mp3,129.2,0.24844,3041.3,0.599,3
99_Archive/clean/Erick Ray - Call Me (Original Mix).mp3,129.2,0.1783,3477.7,0.4906,3
99_Archive/clean/Erick Ray - R2D-Gruv (Original Mix).mp3,129.2,0.14758,3533.7,0.4477,3
99_Archive/clean/FDF (Italy) - Breakdancer (Original Mix).mp3,83.35,0.28974,3319.9,0.5247,3
"99_Archive/clean/Freddie Wall, Gluten Freak - Wok n' Roll (Original Mix).mp3",129.2,0.28368,2328.1,0.6009,4
"99_Archive/clean/Hassio (COL), Dieguito (FL) - Emeura (Original Mix).mp3",123.05,0.18423,2514.1,0.2863,2
"99_Archive/clean/Hassio (COL), Dieguito (FL) - Broadway Call (Original Mix).mp3",123.05,0.20711,3053.2,0.3906,2
"99_Archive/clean/Hassio (COL), Dieguito (FL) - Need Of Peace (Original Mix).mp3",129.2,0.23111,2676.2,0.5252,3
99_Archive/clean/Jayro - Zaysha (Original Mix).mp3,123.05,0.23353,1082.8,0.317,2
99_Archive/clean/Jero Lopez - I Wonder (Original Mix).mp3,129.2,0.17945,3630.6,0.5011,3
99_Archive/clean/Jero Lopez - Take It Back (Original Mix).mp3,129.2,0.20988,2999.8,0.5112,3
99_Archive/clean/Jhonny V - Welcome To The Jungle (Original Mix).mp3,129.2,0.31139,3110.8,0.7193,4
99_Archive/clean/Julian Collazos - La Factoria (Original Mix).mp3,129.2,0.3077,3234.2,0.7287,4
99_Archive/clean/Julian Collazos - La Rumba Me Esta Llamando (Original Mix).mp3,129.2,0.33038,3258.6,0.7525,4
99_Archive/clean/La Felix - Losing Control (Yerik US Remix).mp3,129.2,0.20691,2486.6,0.4502,3
99_Archive/clean/Line.y - Swoop (Ed Hoffman Remix).mp3,129.2,0.29204,1991.7,0.5916,3
99_Archive/clean/Luca Pernice - Let It Go (Original Mix).mp3,129.2,0.16698,1053.0,0.2995,2
99_Archive/clean/M.O.E - Check It Out (Original Mix).mp3,83.35,0.25195,3254.8,0.4473,3
99_Archive/clean/M.O.E - Take Me Higher (Original Mix).mp3,129.2,0.17716,3765.0,0.5037,3
99_Archive/clean/MAME - GHET-O (Daniel Cuda Remix).mp3,129.2,0.29196,2710.6,0.6528,4
"99_Archive/clean/Manuel De Lorenzi, Andrea Giuliani - Backflip (Original Mix).mp3",129.2,0.2152,2823.2,0.5057,3
99_Archive/clean/MAME - GHET-O (Original Mix).mp3,129.2,0.23108,3097.1,0.576,3
"99_Archive/clean/Manuel De Lorenzi, Giacomo Silvestri - Acid Stick (Original Mix).mp3",129.2,0.22257,4038.5,0.6071,4
99_Archive/clean/Matheiu - Hidden Realms (Original Mix).mp3,129.2,0.24575,1754.8,0.4843,3
99_Archive/clean/Matheiu - Lets Get Busy (Original Mix).mp3,129.2,0.32351,2108.3,0.6381,4
99_Archive/clean/Matheiu - Ritmo De Shuffle (Original Mix).mp3,129.2,0.33347,1596.2,0.6117,4
99_Archive/clean/Matheiu - Supersonic (Original Mix).mp3,129.2,0.17688,2663.0,0.4107,3
99_Archive/clean/Matheiu - Svm (Original Mix).mp3,129.2,0.18825,2578.5,0.4249,3
99_Archive/clean/Matheiu - Warming Up (Original Mix).mp3,129.2,0.28814,2071.5,0.5938,3
99_Archive/clean/Matias Burgos - Pleading (Original Mix).mp3,129.2,0.28284,2770.8,0.6458,4
"99_Archive/clean/Matias Javier, Thimo Beats - Move Your Body (Original Mix).mp3",129.2,0.29075,3064.4,0.693,4
"99_Archive/clean/Matias Javier, Thimo Beats - Now (Original Mix).mp3",129.2,0.31029,3367.4,0.7464,4
99_Archive/clean/Matichap - Easy Liquid (Original Mix).mp3,129.2,0.20511,3943.4,0.5684,3
99_Archive/clean/Matichap - Getting Stronger (Original Mix).mp3,129.2,0.19811,3229.7,0.5192,3
99_Archive/clean/Matichap - High Fidelity (Original Mix).mp3,129.2,0.24557,2168.2,0.5142,3
99_Archive/clean/Matichap - Wobbling Samba (Original Mix).mp3,129.2,0.20181,2865.1,0.4845,3
99_Archive/clean/Mattew - Ruthless (Original Mix).mp3,83.35,0.25819,3127.8,0.4482,3
"99_Archive/clean/Mattew, Yeiko Moreira - My First Time (Original Mix).mp3",129.2,0.20539,2792.8,0.4836,3
"99_Archive/clean/Mauricio Mesa, Orville Kline - Asi Es Colombia (Original Mix).mp3",123.05,0.3033,2643.4,0.5377,3
99_Archive/clean/Nicola Landgraf - Pre Game (Original Mix).mp3,123.05,0.23065,2949.1,0.4338,3
99_Archive/clean/Nor (cl) - No More Lies (Original Mix).mp3,129.2,0.28962,3441.6,0.7276,4
99_Archive/clean/Nor (cl) - Señorita (Original Mix).mp3,129.2,0.34627,3333.9,0.7714,4
"99_Archive/clean/Obscure Shape, URBAN CC - Mana (Traumer Stop Remix).mp3",129.2,0.25449,1996.6,0.5278,3
"99_Archive/clean/Obscure Shape, URBAN CC - Mana (Original Mix).mp3",66.26,0.27214,1472.9,0.323,2
"99_Archive/clean/Ollie Ballyn, Pedro Barros - Akari (Original Mix).mp3",123.05,0.20631,2626.9,0.3421,2
"99_Archive/clean/Ollie Ballyn, Pedro Barros - Yüyake (Original Mix).mp3",83.35,0.2526,2538.3,0.3708,2
"99_Archive/clean/Pathagonia, Noha, Alex Tea - Around The Corner (Original Mix).mp3",129.2,0.25969,2621.7,0.5885,3
"99_Archive/clean/Pathagonia, Noha, Alex Tea - Dropping (Original Mix).mp3",89.1,0.25513,2340.5,0.3806,2
"99_Archive/clean/Pathagonia, Noha, Alex Tea - Sing With Me (Original Mix).mp3",129.2,0.24773,2496.3,0.5489,3
"99_Archive/clean/Pathagonia, Noha, Alex Tea - Up In The Sky (Original Mix).mp3",129.2,0.27423,2256.2,0.5842,3
99_Archive/clean/Paul Dc - Manhattan (Original Mix).mp3,129.2,0.1826,2917.1,0.4532,3
99_Archive/clean/Phil-O - Why Do You Love Me (Original Mix).mp3,129.2,0.20945,2897.9,0.5079,3
99_Archive/clean/Ragie Ban - The Pieces (Original Mix).mp3,129.2,0.2749,1750.9,0.5521,3
99_Archive/clean/Reloader (UK) - Sharp (Richie Dio Remix).mp3,123.05,0.16009,3090.8,0.3091,2
99_Archive/clean/Reu.Ven - Sleep Paralysis (Original Mix).mp3,129.2,0.3267,1614.4,0.6149,4
99_Archive/clean/Rice&Beans - Showin' 'Out (Original Mix).mp3,129.2,0.2344,3851.4,0.6364,4
99_Archive/clean/Rypli - Mfreak (Original Mix).mp3,129.2,0.27671,3343.9,0.7016,4
99_Archive/clean/Sadro - Move For Me (Original Mix).mp3,123.05,0.16501,3035.6,0.309,2
99_Archive/clean/Rypli - Tuniyo (Original Mix).mp3,129.2,0.22855,3443.7,0.6079,4
"99_Archive/clean/Stanny Abram, Hidden View - Dancing (I Saw You) (Original Mix).mp3",123.05,0.3421,2962.3,0.6043,4
99_Archive/clean/Stephan Barbieri - Did What (Original Mix).mp3,123.05,0.27458,2020.3,0.4418,3
99_Archive/clean/Stephan Barbieri - Tika (Original Mix).mp3,129.2,0.18629,2164.0,0.3921,2
"99_Archive/clean/Techouzer, DJahir Miranda - My Gang (Original Mix).mp3",83.35,0.27931,3221.4,0.5006,3
99_Archive/clean/Stephan Barbieri - Tuka (Original Mix).mp3,129.2,0.23842,2787.1,0.5594,3
"99_Archive/clean/Techouzer, DJahir Miranda - On The Streets (Original Mix).mp3",129.2,0.27342,3051.1,0.6648,4
99_Archive/clean/Tito Jara - Black Jack (Original Mix).mp3,129.2,0.31834,2665.9,0.6892,4
99_Archive/clean/Tito Jara - Cutback (Original Mix).mp3,129.2,0.29262,2849.9,0.6775,4
99_Archive/clean/Tolle - El Ritmo (Original Mix).mp3,129.2,0.22702,2723.9,0.5323,3
99_Archive/clean/Tomhas - There4U (Original Mix).mp3,129.2,0.24025,2841.4,0.5711,3
99_Archive/clean/Tomhas - There4U (Silat Beksi Remix).mp3,129.2,0.21049,2299.6,0.4557,3
99_Archive/clean/Tomhas - Trauma Response (Original Mix).mp3,107.67,0.24397,2351.2,0.3731,2
99_Archive/clean/Tomhas - Zenozeno (Original Mix).mp3,89.1,0.22563,2595.6,0.3354,2
99_Archive/clean/Tomy Villacorta - Undark (Original Mix).mp3,129.2,0.44967,2282.1,0.6823,4
99_Archive/clean/Tomy Villacorta - Undark (Vito Vitela & Ray MD Remix).mp3,123.05,0.31415,2296.2,0.5213,3
"99_Archive/clean/Trimtone, DANROS, Tony Moran, Sian-Lee - Shine On (DJ Spen Extended Remix).mp3",123.05,0.29103,2889.9,0.5504,3
99_Archive/clean/Tube & Berger - Time To Push The Propaganda (Extended Mix).mp3,129.2,0.35103,2176.6,0.6634,4
99_Archive/clean/Valeria Croft - Delusion (Original Mix).mp3,123.05,0.29796,1486.0,0.4542,3
99_Archive/clean/Valeria Croft - Lighter Overture (Original Mix).mp3,123.05,0.20866,2114.8,0.3082,2
99_Archive/clean/Valeria Croft - Moon View (Original Mix).mp3,123.05,0.18829,2021.0,0.2593,2
99_Archive/clean/Valeria Croft - See You (Original Mix).mp3,123.05,0.1998,2614.3,0.3301,2
99_Archive/clean/Valeria Croft - Why Not (Original Mix).mp3,123.05,0.16726,1925.1,0.2136,2
99_Archive/clean/Vsetön - Surfing The Beat (Original Mix).mp3,129.2,0.26173,3156.5,0.661,4
99_Archive/clean/Vica Bah - Mamba (Original Mix).mp3,129.2,0.40441,1828.6,0.6481,4
99_Archive/clean/YORY - Cake Therapy (Original Mix).mp3,129.2,0.28383,2956.1,0.677,4
99_Archive/clean/YORY - We Muuvin (Original Mix).mp3,129.2,0.28473,2727.0,0.6554,4
"99_Archive/clean/Yousef, Kuuda - Loving Is Living (Original Mix).mp3",129.2,0.42193,2215.7,0.6774,4
99_Archive/clean/100Hz - Lee Renacre - Whisper - String Mix.wav,129.2,0.11945,1880.4,0.2896,2
99_Archive/clean/A Man Called Adam - Que Tal America (Evock Edit).wav,129.2,0.08085,1701.9,0.2576,2
99_Archive/clean/Blondie - Heart Of Glass ( Sergio DIAZ Reborn Edit )Mp3.mp3,123.05,0.18413,3317.2,0.3754,2
99_Archive/clean/16356956_Sunday Visitor_(A Visit From The Mingers).wav,129.2,0.06098,2550.6,0.3128,2
99_Archive/clean/_ Buzzy Bus - You Don't Stop.flac,136.0,0.15584,3166.9,0.5658,3
99_Archive/clean/Bolmes - Like That PSmst4416.mp3,129.2,0.25451,2820.1,0.6076,4
99_Archive/clean/bills to pay Leo Sanderson - MASTERED.wav,129.2,0.21914,2538.6,0.4993,3
99_Archive/clean/A1. Man_ipulate - Shinsei (Original Mix) 12-27-58-087.wav,123.05,0.10684,868.2,0.1215,1
99_Archive/clean/Billy Ocean - Carribean Queen (Lewii' Edit).wav,129.2,0.06099,1961.6,0.2675,2
99_Archive/clean/Black - Wave Of Luv (Gabriele Toma VIP EDIT)_Master 1644 YOU.wav,129.2,0.29855,2587.7,0.6622,4
99_Archive/clean/Body Language_PG_Edit_v2.wav,129.2,0.24628,3133.2,0.6242,4
99_Archive/clean/Body Language Dub 24 bit V2.wav,129.2,0.28499,2092.5,0.6034,4
99_Archive/clean/Cajmere - Brighter Days (ALTO Edit).mp3,129.2,0.24932,3038.0,0.6199,4
99_Archive/clean/C__Users_XNSUPP~1_AppData_Local_Temp_6792-9984-1.wav,129.2,0.22401,2377.4,0.4972,3
99_Archive/clean/C+C Music Factory - Gonna Make You Sweat (Collier Edit).wav,129.2,0.2486,4296.6,0.6812,4
99_Archive/clean/Bust A Move (Riordan Edit) [FNL MASTER1].wav,129.2,0.1696,3377.5,0.4881,3
99_Archive/clean/Chaka Khan - Like Sugar (Elliot Adamson Remix).mp3,123.05,0.12331,4110.4,0.3302,2
99_Archive/clean/Cam Foster - Steppa.wav,66.26,0.19291,2731.0,0.2452,2
99_Archive/clean/Cannons - Up All Night (HARBISON Edit).wav,129.2,0.17728,3409.8,0.5031,3
99_Archive/clean/Carol Williams - Love Is You (Smart Edit).wav,123.05,0.24287,2545.9,0.4191,3
99_Archive/clean/Carrie_Lucas_Play_With_You_Get_Down_Edit_Disco_Deviance.wav,123.05,0.14994,3153.8,0.3077,2
99_Archive/clean/CHIC - Everybody Dance (4NEY Edit).mp3,123.05,0.26165,2539.4,0.4651,3
99_Archive/clean/Chaka Khan - Like Sugar - Ken's Disco Stomper.wav,117.45,0.20081,3218.5,0.3805,2
99_Archive/clean/Capron (NL) - What U Looking For [HZRX].wav,86.13,0.21442,3198.0,0.3734,2
99_Archive/clean/Change  - Hold Tight (Aron Volta Edit)  DGM4416 (1).wav,129.2,0.27839,2774.7,0.6516,4
99_Archive/clean/Caleb Jackson - Midnight Hour (Funky Thriller Flip) - DJM.wav,129.2,0.23174,2910.7,0.5704,3
99_Archive/clean/Cloonee - Sippin' Yak (James Poole Remix) [MASTER].mp3,129.2,0.18681,3675.8,0.537,3
99_Archive/clean/Change  - Hold Tight (Aron Volta Edit)  DGM4416.wav,129.2,0.27839,2774.7,0.6528,4
99_Archive/clean/CHECK IT REFIX.wav,92.29,0.19795,3083.6,0.3358,2
"99_Archive/clean/CONTINENTAL GT - NO,NO,NO MP3.mp3",129.2,0.28298,2902.9,0.6754,4
99_Archive/clean/Chic - Le Freak (Pete Le Freq Freakin Rework) (CMS Master).wav,117.45,0.11235,4165.9,0.3011,2
99_Archive/clean/Close to Custom - Walk And Talk.wav,129.2,0.26795,3631.1,0.7119,4
99_Archive/clean/Cypress Hill - Insane In The Membrain (Chico Rose (NL) Edit).wav,129.2,0.26849,3146.3,0.6787,4
99_Archive/clean/Cooked - 4ever [FINAL V1].wav,143.55,0.28309,3170.4,0.8574,5
99_Archive/clean/Danny Snowden - Can You Reach (Original Mix).wav,86.13,0.27505,2715.6,0.4483,3
99_Archive/clean/Dave Robertson _– Addiction [Cuba Recordings].wav,129.2,0.14656,3050.6,0.425,3
99_Archive/clean/Datura Ft Billie Ray Martin - Mystic Motion (Matt Craig & Paul Sirrell's Speed Garage Mix).wav,64.6,0.19282,3034.1,0.2753,2
99_Archive/clean/Dancing In The Moonlight (LOWEY Afters Edit).wav,66.26,0.26964,3184.3,0.4627,3
99_Archive/clean/David Brown - Feel Love (Sherman Rogers Undergouund Mix).wav,129.2,0.09931,3388.8,0.4217,3
99_Archive/clean/David Guetta - Memories (JIPX2 Remix).wav,129.2,0.17531,3410.5,0.5024,3
99_Archive/clean/DBX - join hands (awol 8).wav,136.0,0.07117,2963.0,0.4813,3
99_Archive/clean/Delfonic - Spacer (delfonic edit).wav,136.0,0.15732,2419.4,0.4888,3
99_Archive/clean/Doctor Pressure (JME Hard Edit) [Master].mp3,143.55,0.25119,2330.1,0.706,4
99_Archive/clean/Dennis Quin - Move Your Body (Dennis Quin Rework Series).wav,129.2,0.17952,4089.3,0.5349,3
99_Archive/clean/Donell Jones - U Know What's Up (Eli Samuel Edit) [SS MSTRD].mp3,129.2,0.28768,2445.2,0.6389,4
99_Archive/clean/DRAKE POUNDCAKE (ALTO EDIT).mp3,123.05,0.30632,2655.1,0.5476,3
99_Archive/clean/Diana Ross - It's my house (Jared Rework)- (master).wav,123.05,0.21112,3038.2,0.405,3
99_Archive/clean/DIMMISH - Yoshi (Original Mix).wav,129.2,0.26152,3473.0,0.6935,4
99_Archive/clean/Egypt [LNTG Epic Remix].mp3,112.35,0.07712,2669.1,0.1735,1
99_Archive/clean/DJ Marky & XRS - LK (Sean Guillermo Edit).wav,136.0,0.1564,3587.0,0.5972,3
99_Archive/clean/Divaaa.wav,129.2,0.24094,1349.5,0.477,3
99_Archive/clean/Dunkz - Don't Call Me That.wav,63.02,0.2878,2882.9,0.4541,3
99_Archive/clean/Dyl Poole - Half Step.wav,129.2,0.2053,3651.6,0.5752,3
99_Archive/clean/Dr Watson - Double 99 R.I.P Groove 2020 Refix - Dr Watson.wav,136.0,0.11866,2369.1,0.4481,3
99_Archive/clean/Eden Burns - The Year 2000.wav,123.05,0.20217,3371.6,0.4193,3
99_Archive/clean/Farlee - Tryna Be (edit).mp3,66.26,0.14394,3223.3,0.2223,2
99_Archive/clean/Elissa Suckdog - History Will Condemn Me.wav,129.2,0.17678,2875.4,0.4503,3
99_Archive/clean/Fatboy Slim - Praise You (Ssero Edit).mp3,129.2,0.22661,3054.2,0.5787,3
99_Archive/clean/Elissa Suckdog - Naydras Groove.wav,129.2,0.24277,1751.6,0.4964,3
99_Archive/clean/Emily Nash - Sun Dont Shine (EDIT).wav,129.2,0.26318,2378.1,0.5919,3
99_Archive/clean/Espace Noir - The Saddle Club Vol. 1 - 03 Reflex Blue - Floating Down Stream -Virtual Mix-.wav,129.2,0.19894,1821.6,0.4056,3
99_Archive/clean/Feel Love (Jays Groover).mp3,117.45,0.14785,1287.4,0.1412,1
99_Archive/clean/eMastered_Miami TEST_HD.wav,129.2,0.15333,2811.8,0.4093,3
99_Archive/clean/Emi Koto - Everybody Dance! [Toscal Records].wav,129.2,0.07796,2186.4,0.2974,2
99_Archive/clean/Extreme Fly - Everybody(After Club Mix).wav,129.2,0.07119,1976.6,0.2799,2
99_Archive/clean/Facu Baez - Ms Fat Booty.wav,129.2,0.20188,1689.8,0.4068,3
99_Archive/clean/Feel Good Inc. (Jimi's Club Tool)_1644 RS ANA.wav,129.2,0.17205,2650.4,0.4236,3
99_Archive/clean/Felon 5 - Groove Connection.wav,129.2,0.11121,1248.0,0.2694,2
99_Archive/clean/Felon 5 - IREE STYLE.wav,129.2,0.11481,2376.9,0.3348,2
99_Archive/clean/garage beast.wav,89.1,0.11061,2743.5,0.1741,1
99_Archive/clean/Felon5 - Groove Connection [Felon5 Records].wav,129.2,0.06618,1071.3,0.2443,2
99_Archive/clean/Unknown Artist _– Reckless Eyes [Digwah].wav,123.05,0.19222,1574.3,0.2462,2
99_Archive/clean/FINKY - The Boy Is Mine Edit (LR MASTER) 2.wav,129.2,0.1452,1399.6,0.301,2
99_Archive/clean/Unknown Artist _– Wanna Get [DSO].wav,117.45,0.16888,3161.3,0.3136,2
99_Archive/clean/Unknown Artist _– Untitled A1 [Telum] 005.wav,129.2,0.1602,1168.2,0.315,2
99_Archive/clean/Unknown Artist - Dg [Sanguina Records].wav,123.05,0.1257,3402.6,0.309,2
99_Archive/clean/Unknown Artist - Kcik 27 - 02 Kcik 27-B.wav,129.2,0.16375,2338.9,0.3809,2
99_Archive/clean/Unknown Edit 01.mp3,129.2,0.08131,3029.2,0.3826,2
99_Archive/clean/Unknown Artist - Hosrs [Lode Records].wav,123.05,0.09869,2467.9,0.1931,1
99_Archive/clean/Unknown Artist - Mystery Of Love Re-Vision [Pirka].wav,129.2,0.15276,1708.5,0.3227,2
99_Archive/clean/Unknown Artist - Patron [No Art No Name].wav,123.05,0.16954,3056.6,0.326,2
99_Archive/clean/Unknown Artist - Pete [Florence Records].wav,123.05,0.20191,2461.8,0.3255,2
99_Archive/clean/Unknown Artist - Untitled A [EEE012].wav,123.05,0.17826,2745.4,0.3073,2
99_Archive/clean/Unknown_Artist_–_Spirit_Of_Desire_Not_On_Label_Womack_&_Womack_DIGWAH.wav,83.35,0.17152,1713.0,0.1379,1
99_Archive/clean/Untitled - Matty Pearce.wav,129.2,0.19,3158.5,0.5167,3
99_Archive/clean/various artists - a man called adam - superman (sebasstian edit) - free download.wav,123.05,0.20934,2587.4,0.3538,2
99_Archive/clean/Urban Heads - The Wind (Cosmic Version).wav,129.2,0.10934,2699.5,0.3632,2
99_Archive/clean/Urban Heads - The Wind (Space Mix).wav,129.2,0.12102,3261.5,0.4338,3
99_Archive/clean/Various ORCHID RECORDS - -CAUSE I NEED YOU- HOUZMON.wav,129.2,0.08723,2597.1,0.3404,2
99_Archive/clean/Various ORCHID RECORDS - -IT'S YOU- HOUZMON.wav,129.2,0.07613,2873.6,0.3637,2
99_Archive/clean/Wait a minute - cssa.wav,129.2,0.28097,2973.9,0.687,4
99_Archive/clean/Watchers - Obsession.wav,129.2,0.1903,3355.8,0.537,3
"99_Archive/clean/Waypoint, Zerophane extended.wav",129.2,0.12269,2848.3,0.3903,2
99_Archive/clean/What I Dream Edit.wav,66.26,0.19565,3207.8,0.3045,2
99_Archive/clean/Xpansions - Move Your Body (Finn Eden Speedy G Edit) V6 MSTR.mp3,66.26,0.27773,2954.3,0.4491,3
99_Archive/clean/You Don't Know Me (Mistrix Edit) [Marshy Master].mp3,123.05,0.09538,3639.3,0.3024,2
99_Archive/clean/Zig Zag (Original Mix).mp3,129.2,0.29532,3689.0,0.7705,4
"99_Archive/clean/Woody,_S_A_M_–_You_Must_Be_Trippin_Alternative_Mix_heidegluehen_.wav",123.05,0.1822,1633.6,0.2292,2
99_Archive/clean/White ghost.wav,123.05,0.15504,4746.8,0.3656,2
99_Archive/clean/2D Music (Original Mix).mp3,123.05,0.24883,2637.8,0.4485,3
99_Archive/clean/Bass Flip (Original Mix).mp3,129.2,0.26647,3048.4,0.6714,4
99_Archive/clean/Acapulco (Original Mix).mp3,136.0,0.18272,2474.6,0.5361,3
99_Archive/clean/Willow Smith - Wait a minute (ANDREW CAIRNS Edit) [HZRX].wav,129.2,0.2074,2784.6,0.5098,3
99_Archive/clean/Damage (Original Mix).mp3,129.2,0.13726,4457.0,0.4904,3
99_Archive/clean/Wu-Tang Clan - Gravel Pit (Verso Edit)(Master).wav,129.2,0.21713,3025.8,0.5582,3
99_Archive/clean/you're dancin' kinda close.wav,129.2,0.24047,2195.6,0.5299,3
99_Archive/clean/Everybody Hz (Original Mix).mp3,129.2,0.18448,3050.2,0.4938,3
99_Archive/clean/Eyes On You (Original Mix).mp3,64.6,0.2429,3062.1,0.3868,2
99_Archive/clean/Focus Beam (Original Mix).mp3,66.26,0.25987,2167.7,0.3418,2
99_Archive/clean/Front2Back (Original Mix).mp3,129.2,0.22727,2558.1,0.5354,3
99_Archive/clean/Young & Beautiful (Cam Stockman Edit) - Decent Master.wav,129.2,0.14745,3068.6,0.4414,3
99_Archive/clean/You Just Might (Original Mix).mp3,129.2,0.26472,2878.8,0.6512,4
99_Archive/clean/tINI - Port.wav,129.2,0.0845,1561.9,0.2701,2
99_Archive/clean/Vibe Off You (Extended Mix).mp3,129.2,0.29535,3502.2,0.7639,4
99_Archive/clean/Underrated Groove (Original Mix).mp3,129.2,0.26741,1079.9,0.5429,3
99_Archive/clean/Get Out (Original Mix).mp3,86.13,0.22962,2625.5,0.3433,2
99_Archive/clean/Home (Original Mix).mp3,129.2,0.22125,2397.6,0.5088,3
99_Archive/clean/Hot Tub Diaries (Original Mix).mp3,129.2,0.26997,3069.1,0.6857,4
99_Archive/clean/Impulsive (Original Mix).mp3,129.2,0.17717,2421.3,0.4177,3
99_Archive/clean/IZAA KIZAA (Original Mix).mp3,129.2,0.27262,2327.6,0.6122,4
99_Archive/clean/Jacky's Loop (Original Mix).mp3,129.2,0.2835,1750.1,0.5931,3
99_Archive/clean/Lucky Ones (Original Mix).mp3,129.2,0.31204,3153.2,0.7586,4
99_Archive/clean/Out Of Hand (Original Mix).mp3,129.2,0.21524,3169.0,0.578,3
99_Archive/clean/Paranoid (Original Mix).mp3,129.2,0.19722,2498.3,0.4655,3
99_Archive/clean/Reggae Fusion (Deep Mix).mp3,129.2,0.2306,3629.0,0.6458,4
99_Archive/clean/Step By Step (Original Mix).mp3,66.26,0.20544,2248.9,0.2251,2
99_Archive/clean/Stranger (Voigtmann Remix).mp3,129.2,0.25812,2557.6,0.6079,4
99_Archive/clean/Swirl (Original Mix).mp3,129.2,0.32877,1859.5,0.6527,4
99_Archive/clean/The Prosecutor (Original Mix).mp3,129.2,0.28136,2380.1,0.6361,4
99_Archive/clean/Una Más (Kolter Remix).mp3,129.2,0.22482,2800.3,0.5581,3
99_Archive/clean/Times Lost (Original Mix).mp3,129.2,0.27581,3017.7,0.6902,4
99_Archive/clean/Tintinnabulum (Original Mix).mp3,123.05,0.30659,1867.0,0.487,3
99_Archive/clean/Tornado (Original Mix).mp3,129.2,0.17193,2729.9,0.442,3
99_Archive/clean/Tortuga (Huerta's Ayo Marcus Mix).mp3,136.0,0.21898,1611.2,0.554,3
99_Archive/clean/Tricky (Original Mix).mp3,129.2,0.29041,2730.2,0.6858,4
99_Archive/clean/U & Me (Forever Mix).mp3,129.2,0.18602,1402.5,0.3754,2
99_Archive/clean/Kasablanca & Innellea/Lost/01 Lost (extended mix).mp3,123.05,0.32308,1872.4,0.506,3
99_Archive/clean/Mydoz/Music/01 Music (extended mix).mp3,123.05,0.27895,2664.3,0.5149,3
99_Archive/clean/Adam Ten & Maori/Spring Girl (Extended)/01 Spring Girl (Extended).mp3,123.05,0.26934,2178.5,0.4541,3
99_Archive/clean/Roza Terenzi & D. Tiffany/Edge of Innocence/02 Roza Terenzi & D. Tiffany - Gravity Bongo.flac,136.0,0.18285,1487.3,0.473,3
99_Archive/clean/Roza Terenzi & D. Tiffany/Edge of Innocence/03 Roza Terenzi & D. Tiffany - Liquorice Skritch.flac,136.0,0.19125,1634.5,0.4981,3
99_Archive/clean/Roza Terenzi & D. Tiffany/Edge of Innocence/05 Roza Terenzi & D. Tiffany - Grains of Sand.flac,136.0,0.15558,2553.5,0.4991,3
99_Archive/clean/Roza Terenzi & D. Tiffany/Edge of Innocence/01 Roza Terenzi & D. Tiffany - Spiritual Delusion.flac,103.36,0.12828,2225.0,0.1577,1
99_Archive/clean/Roza Terenzi & D. Tiffany/Edge of Innocence/06 Roza Terenzi & D. Tiffany - Paparazzi.flac,103.36,0.15862,1747.2,0.1542,1
99_Archive/clean/Roza Terenzi & D. Tiffany/Edge of Innocence/08 Roza Terenzi & D. Tiffany - Possession.flac,117.45,0.07818,1324.5,0.0925,1
99_Archive/clean/Roza Terenzi & D. Tiffany/Edge of Innocence/07 Roza Terenzi & D. Tiffany - Redemption Arc.flac,161.5,0.13519,2492.4,0.52,3
99_Archive/clean/Pavel Petrov/Never Fake (Original Mix)/01 Never Fake (Original Mix).mp3,123.05,0.31204,2804.3,0.5755,3
99_Archive/clean/Roza Terenzi/Mood EP/02 Mood.flac,123.05,0.20177,2170.5,0.3041,2
99_Archive/clean/Roza Terenzi/Mood EP/01 Double Reflection.flac,129.2,0.21172,2005.2,0.4617,3
99_Archive/clean/Roza Terenzi/Mood EP/03 Out of My Mind.flac,129.2,0.21839,2951.1,0.5594,3
99_Archive/clean/Roza Terenzi/Mwah/02 Gigi.flac,123.05,0.13533,2367.1,0.2177,2
99_Archive/clean/Roza Terenzi/Mood EP/04 Out of My Mind (Jensen Interceptor remix).flac,129.2,0.17342,3367.7,0.5132,3
99_Archive/clean/Roza Terenzi/Mwah/01 Mwah.flac,123.05,0.10665,4129.0,0.3235,2
99_Archive/clean/Roza Terenzi/Mwah/03 Rare High.flac,117.45,0.12498,2555.0,0.1982,1
99_Archive/clean/Roza Terenzi/Mwah/04 Soft.flac,83.35,0.09021,4495.6,0.2398,2
99_Archive/clean/Adam Pits/Element X/01 Gazza.flac,68.0,0.22406,2347.6,0.2795,2
99_Archive/clean/Max Styler/Don't Stop EP/01 Let Em' Know.mp3,129.2,0.31742,3043.5,0.754,4
99_Archive/clean/Empire of the Sun/We Are The People (Jimmy2sox Remix)/01 We Are The People (Jimmy2sox Remix) (1).mp3,123.05,0.22594,2832.8,0.4213,3
99_Archive/clean/Various Artists/12 Inch Dance_ Indie/3-03 Kylie Minogue - Can’t Get Blue Monday Out of My Head (original 12″ mix).flac,129.2,0.22978,2587.2,0.5509,3
99_Archive/clean/Various Artists/Anthems of_ House/1-15 Underworld - Two Months Off.flac,136.0,0.22587,2511.0,0.6351,4
99_Archive/clean/Various Artists/Artefacts/03 DJ Compass Vrubell - Captain of the Loo.flac,129.2,0.22734,1589.2,0.474,3
99_Archive/clean/Various Artists/Artefacts/10 SCSI‐9 - Morning Star.flac,123.05,0.21069,1105.4,0.2775,2
99_Archive/clean/Various Artists/Artefacts/11 Novel 23 - L’mira.flac,123.05,0.21084,1521.4,0.288,2
"99_Archive/clean/Various Artists/Beats and Pieces, Volume Three/1-03 Erro - Don’t Change (main mix).flac",129.2,0.1168,2885.6,0.3993,2
99_Archive/clean/Various Artists/CAPITAL RISQUE VOL.1/03 DJ Mell G - On Ma Back.flac,86.13,0.15442,1949.4,0.1398,1
99_Archive/clean/Various Artists/Coastal Breaks II/1-08 Sabotage - I Saw the Future (Sabotage remix).mp3,129.2,0.08211,2881.7,0.3801,2
99_Archive/clean/Various Artists/CAPITAL RISQUE VOL.1/07 DJ これからの緊急災害 - Moneygram.flac,71.78,0.22273,1825.4,0.2423,2
99_Archive/clean/Various Artists/Harmony House_ The Compilation/1-03 Andrea Mendez - Bring Me Love (Eventual dub).mp3,123.05,0.1204,3586.9,0.3192,2
99_Archive/clean/Various Artists/Hed Kandi_ Disco Kandi 05.02/2-05 Mousse T. feat. Emma Lanford - Fire (Mousse T's Explosive mix).flac,123.05,0.20165,3070.9,0.3953,2
"99_Archive/clean/Various Artists/In Existence, Vol. 4/03 Alexey Union - Acid Trip.mp3",123.05,0.32089,2150.4,0.5281,3
99_Archive/clean/Various Artists/NOSMOKING01/07 Vibes Kartel - Rhythm Mi Ride (4x4 mix).mp3,92.29,0.27284,3813.2,0.5463,3
99_Archive/clean/Various Artists/Natural House/2-10 Can 7 - Eternally (Levent's Ascenseur Club mix).flac,129.2,0.18084,2632.6,0.449,3
99_Archive/clean/Various Artists/Pacha Ibiza_ The House Collection (2000–2009)/13 Yeah Yeah Yeahs - Heads Will Roll (A Trak remix).mp3,129.2,0.2565,1610.4,0.5408,3
"99_Archive/clean/Various Artists/Pre-Rolled Joints, Vol. 5_ 100% House/07 Keep Ya Head.flac",136.0,0.25974,3791.6,0.8204,5
99_Archive/clean/Various Artists/Serious Beats 75_ The 3rd Saga of House/16 Kenny Hawkes feat. Louise Carver - Play the Game (extended mix).flac,123.05,0.1511,3141.0,0.3163,2
99_Archive/clean/Various Artists/Solid Sounds [Format 5]/2-10 Dave Angel - Funk Music (DJ Tonka remix).flac,86.13,0.19717,2580.0,0.2668,2
99_Archive/clean/Various Artists/Stereo Sushi 3/1-06 Jody Watley - Photographs (Restless Soul remix).flac,83.35,0.07757,3105.8,0.1787,1
99_Archive/clean/Various Artists/Sunsets/12 Suntrust - How Intensive.flac,123.05,0.0907,1868.8,0.1513,1
99_Archive/clean/Various Artists/Toolroom House Party Vol. 2/10 Oliver Heldens feat. Rowetta - Rave Machine (extended mix).mp3,123.05,0.27269,3218.9,0.5674,3
99_Archive/clean/Various Artists/Toolroom House Party Vol. 2/29 Steve Lawler & Jansons - Don’t Ask (Jansons extended mix).mp3,129.2,0.25835,2828.7,0.6409,4
99_Archive/clean/Various Artists/Toolroom House Party Vol. 2/51 Junior Sanchez - Division (extended mix).mp3,123.05,0.312,3129.3,0.6157,4
99_Archive/clean/Various Artists/Unreleased Digital Classics 2/09 Dinka - Canonball (Jean Elan remix).flac,123.05,0.26178,672.9,0.3931,2
99_Archive/clean/Blaze/Spiritually Speaking/04 Blaze feat. Palmer Brown - Do You Remember House_.flac,129.2,0.13064,3168.1,0.4462,3
99_Archive/clean/Asad Rizvi/Apathy feat. Lauren Kitara (Original Mix).mp3,123.05,0.19043,3060.1,0.3745,2
99_Archive/clean/Timo Maas/Loud/01 Timo Maas feat. Kelis - Help Me.flac,123.05,0.24682,2469.1,0.4318,3
99_Archive/clean/Masters at Work/Our Time Is Coming/1-02 Masters at Work - Like a Butterfly (You Send Me).flac,123.05,0.19515,2680.1,0.3401,2
99_Archive/clean/Man_ipulate/Dimension.flac,129.2,0.15454,3272.9,0.4778,3
99_Archive/clean/Man_ipulate/1st Date.flac,123.05,0.14934,2643.4,0.2604,2
99_Archive/clean/Man_ipulate/Eternity EP/01 Eternity (original mix).flac,129.2,0.13958,3703.2,0.4909,3
99_Archive/clean/Salomo/Power of Love/01 Colour of Love.flac,136.0,0.25146,2396.0,0.6829,4
99_Archive/clean/Cinthie/DJ-Kicks_ Cinthie/01 Terrence Parker - I Love the Way You Hold Me (TP’s Bangin’ House Re-Edit).flac,80.75,0.23132,3201.0,0.395,2
99_Archive/clean/Man_ipulate/Shinsei/05 Insidynamic.wav,172.27,0.22149,3295.6,0.7586,4
99_Archive/clean/Tino/Set You Free/02 Tinto!.flac,123.05,0.25247,3243.4,0.5318,3
99_Archive/clean/Tino/Set You Free/04 Obsession.flac,123.05,0.2308,3698.5,0.5113,3
99_Archive/clean/Tino/Set You Free/01 Set You Free.flac,99.38,0.19948,2565.8,0.2871,2
99_Archive/clean/Asad Rizvi/Smiling at the Sun/01 Smiling at the Sun.flac,129.2,0.09367,3105.0,0.414,3
99_Archive/clean/Theo Kottis/Lighthouse/01 Lighthouse.flac,136.0,0.23475,2503.9,0.6549,4
99_Archive/clean/Central/Up and Down/1-01 Anix.flac,129.2,0.1477,2743.3,0.4144,3
99_Archive/clean/Killer DJs/The Killer EP/01 2.1.flac,64.6,0.13683,3838.4,0.2489,2
99_Archive/clean/Soul Mass Transit System/GSC004/01 Wine VIP.flac,92.29,0.19082,3093.6,0.324,2
99_Archive/clean/Satoshi Tomiie/Global Underground_ Nubreed 006/1-06 Lexicon Avenue - From Dusk Till Dawn (Sander Kleinenberg's Audio Paranoid remix).mp3,123.05,0.2971,2196.9,0.5082,3
99_Archive/clean/The Cardigans/Lovefool (Todd Terry Remixes)/03 Lovefool (Tee's Freeze club).flac,83.35,0.15556,2819.2,0.2014,2
99_Archive/clean/Tori Amos/Professional Widow/02 Professional Widow (Armand's Star Trunk Funkin' mix).flac,129.2,0.13415,3419.4,0.4705,3
99_Archive/clean/The Stone Roses/Fools Gold/02 Fools Gold (Rabbit in the Moon's Message to the Majors).flac,123.05,0.16878,1933.2,0.2289,2
99_Archive/clean/John Course & Mark Dynamix/The 2005 Annual/2-01 Mylo - Drop the Pressure.flac,129.2,0.15712,2669.1,0.4165,3
99_Archive/clean/COEO/Planet Earth/01 Planet Earth.mp3,66.26,0.22425,3045.9,0.3484,2
99_Archive/clean/Eden Burns/Big Beat Manifesto Vol. II/01 Invercargill.mp3,129.2,0.15807,2976.5,0.4507,3
99_Archive/clean/COEO/Disco Volante EP/01 Like It Is.flac,117.45,0.24401,2436.1,0.3921,2
"99_Archive/clean/MixmstrStel/Dirty Water Mashups Vol. 1 (Deluxe Edition)/20 MixmstrStel - Billie Jean's Crew [Mixshow] (HIGHLITE, Michael Jackson).mp3",123.05,0.23234,3584.1,0.5104,3
99_Archive/clean/Eden Burns/Big Beat Manifesto Vol. VII/03 House Non Stop.flac,83.35,0.1653,2854.7,0.2216,2
99_Archive/clean/Metro Area/Metro Area/02 Miura.mp3,123.05,0.14694,2605.1,0.2536,2
99_Archive/clean/Eden Burns/Big Beat Manifesto Vol. VII/03 House Non Stop.wav,83.35,0.0736,1797.5,0.058,1
99_Archive/clean/Client_03/User Viewport/03 Wavefile_Dayjob (1).flac,89.1,0.31819,2678.5,0.5115,3
99_Archive/clean/Client_03/User Viewport/04 Love and or Hate Trigger.flac,89.1,0.26132,3393.1,0.4995,3
99_Archive/clean/Bailey Ibbs/Fantasia.wav,66.26,0.23977,3560.3,0.4225,3
99_Archive/clean/Blaze vs. Dennis Ferrer/Lovelee Dae (Riso & Matthijs Wentink bootleg).mp3,123.05,0.261,3062.0,0.5315,3
"99_Archive/clean/Jadzia, Cyan85, Viikatory & Leshutler/International Chromies, Vol. 4/04 Leshutler - Leerheit.flac",129.2,0.12626,3032.0,0.4267,3
"99_Archive/clean/Jadzia, Cyan85, Viikatory & Leshutler/International Chromies, Vol. 4/02 Cyan85 - Cyber Rage.flac",71.78,0.23581,3438.6,0.4176,3
99_Archive/clean/DJ MELL G/ISSUES/01 ISSUES (INTRO).flac,129.2,0.08492,2781.4,0.3733,2
99_Archive/clean/DJ MELL G/ISSUES/02 DISTURBED MIND.flac,95.7,0.28962,1337.2,0.398,2
99_Archive/clean/DJ MELL G/ISSUES/04 GREATEST DESIRE (2Am Hope Mix).flac,136.0,0.21107,1619.3,0.5404,3
99_Archive/clean/DJ MELL G/ISSUES/03 WHAT I FEAR.flac,143.55,0.13292,2309.4,0.4875,3
99_Archive/clean/DJ MELL G/ISSUES/05 BORDERLINE.flac,184.57,0.22767,1410.3,0.6203,4
99_Archive/clean/DJ MELL G/ISSUES/06 BEYOND 70.flac,112.35,0.32374,1554.1,0.4595,3
"99_Archive/clean/Hermeth, Riot Code, Re_drum, Dagga, YTP/PERFUSION 02/02 Riot Code - I'll Be Back.flac",152.0,0.32031,2960.4,0.8912,5
99_Archive/clean/Daniele Papini/Hidden Source/02 No Haste.flac,129.2,0.07534,1365.9,0.269,2
"99_Archive/clean/Hermeth, Riot Code, Re_drum, Dagga, YTP/PERFUSION 02/03 Re_drum - Tabor.flac",89.1,0.33014,2695.9,0.5217,3
"99_Archive/clean/Hermeth, Riot Code, Re_drum, Dagga, YTP/PERFUSION 02/04 Dagga - Floor Seats.flac",92.29,0.35126,2647.9,0.5324,3
99_Archive/clean/Daniele Papini/Archive II/01 The third zone.flac,123.05,0.25991,818.8,0.3908,2
99_Archive/clean/Daniele Papini/Pixel _ Church of Nonsense/02 Church of Nonsense.flac,129.2,0.13569,1361.9,0.3103,2
99_Archive/clean/Dead Man’s Chest & Tim Reaper/LOREFR001/01 Pure Energy.flac,161.5,0.22077,2385.9,0.6579,4
99_Archive/clean/Dead Man’s Chest & Tim Reaper/LOREFR001/02 Starr Peak.flac,161.5,0.12893,3909.3,0.6306,4
99_Archive/clean/Dead Man’s Chest & Tim Reaper/LOREFR001/03 Starr Peak (Tim Reaper remix).flac,112.35,0.19235,2869.6,0.3192,2
99_Archive/clean/Guy Contact/Contact Therapy Volume.1/01 Oh No (Rave Mix).mp3,129.2,0.24076,2388.5,0.5595,3
99_Archive/clean/MYKI/Delenya/02 Vertigo (Roza Terenzi Remix).flac,92.29,0.14531,1548.6,0.1215,1
99_Archive/clean/Guy Contact/Contact Therapy Volume.1/02 Lemme Tell You Something.mp3,129.2,0.26401,2785.1,0.6516,4
99_Archive/clean/Guy Contact/Contact Therapy Volume.1/03 Give Me A Big Beat!.mp3,136.0,0.26038,2493.6,0.7115,4
99_Archive/clean/Guy Contact/Contact Therapy Volume.1/04 Anybody Out There_.mp3,123.05,0.2207,3066.8,0.4424,3
99_Archive/clean/Milk & Sugar/Beach Sessions 2017/17 Rosario Galati & Yves Murasca - From the Stars (original mix).mp3,123.05,0.26148,3009.9,0.5257,3
99_Archive/clean/Marlow/Trust in Me/02 Hotel Gérard.mp3,123.05,0.23744,2487.0,0.4149,3
99_Archive/clean/slump/Flashbacks from Black Dust Country/08 Trip Sitter.flac,123.05,0.13016,2613.4,0.2414,2
99_Archive/clean/Maelstrom/Maelstrom/08 Maelstrom Vs. NDSA _ Harbour Candy.mp3,123.05,0.29025,2078.5,0.4912,3
99_Archive/clean/Dina Ayada/The Rise/06 Ballin'.flac,83.35,0.11625,2038.1,0.0994,1
99_Archive/clean/Guy Contact/Energy Obsession/01 Energy Obsession.flac,129.2,0.19968,2458.8,0.4749,3
99_Archive/clean/Cherry Moon Trax/The House Of House/01 The House Of House (Oliver Lieb Mix 1).flac,123.05,0.24205,1684.1,0.3679,2
99_Archive/clean/Sunship/Is This Real/04 Friendly Pressure (Into the Sunshine mix).flac,129.2,0.27573,2770.1,0.6706,4
99_Archive/clean/Chaos in the CBD/A Deeper Life/13 Chaos in the CBD - Marlboro Sounds.mp3,123.05,0.15733,3131.1,0.3281,2
99_Archive/clean/Chaos in the CBD/Global Erosion _ Background Explorer/01 Global Erosion.mp3,123.05,0.14193,1651.9,0.1828,1
99_Archive/clean/Locklead/Freekazoid/02 Freekazoid (Ruff Mix).flac,129.2,0.2235,2912.5,0.5758,3
99_Archive/clean/Locklead/Freekazoid/03 Rumpshaker.flac,129.2,0.16975,3097.6,0.4889,3
99_Archive/clean/Voilaaa/Remixes/03 Spies Are Watching Me (Patchworks Remix).flac,129.2,0.10593,2713.1,0.3781,2
99_Archive/clean/Filip Bogalski/124 2Pac -Changes- (Remix by DJ-May Dj Jean).mp3,89.1,0.10695,3065.9,0.2092,2
99_Archive/clean/Movin' Souls Feat. Daddy Freddy/Non Stop Juggelin' (Hey Gringo) (Original Extended Version).flac,129.2,0.21097,2594.8,0.515,3
99_Archive/clean/Toman/A Quarter To Molly (Original Mix).mp3,129.2,0.26858,3045.1,0.6909,4
99_Archive/clean/Toman/Emotion/01 Emotion (Extended Mix) Toman.mp3,129.2,0.31278,2073.1,0.6654,4
99_Archive/clean/Toman/ENDZ035/01 High Ceilings.mp3,129.2,0.27513,2308.2,0.6286,4
99_Archive/clean/Toman/ENDZ035/02 Le Premier.mp3,129.2,0.30571,2639.0,0.7048,4
99_Archive/clean/Ray Okpara/Ebele EP/01 A Belover For.mp3,123.05,0.17514,2275.1,0.2684,2
99_Archive/clean/John Foxx and Nation 12/Electrofear/16 Remember (Sub dub mix).flac,129.2,0.06665,3960.4,0.4571,3
99_Archive/clean/Disclosure/Settle (Special Edition)/1-03 Disclosure feat. Sam Smith - Latch.wav,123.05,0.25468,2076.6,0.4266,3
99_Archive/clean/Danny Howells & Dick Trevor feat. Erire/Dusk Till Dawn/02 Dusk Till Dawn (Jay Tripwire Robofunk dub).mp3,63.02,0.10604,2098.6,0.0724,1
99_Archive/clean/Lakosa & Rick Grant/Dusk/02 Dusk (Ejeca remix).mp3,86.13,0.24047,3039.7,0.4098,3
99_Archive/clean/SamBRNS/Drummer (Original Mix).mp3,123.05,0.29624,2754.6,0.5603,3
99_Archive/clean/SamBRNS/Drummer EP/02 Real Deep.mp3,129.2,0.26404,4089.7,0.7443,4
99_Archive/clean/Simbad/Dream On/05 Dream On (dub).mp3,92.29,0.15909,4498.8,0.323,2
"99_Archive/clean/D&G/Dubs & Grooves, Vol. 1/02 Request Line.wav",86.13,0.15959,2626.2,0.2029,2
99_Archive/clean/Dolly/Don’t Forget the Moonscreen/01 Bass Xertz.flac,129.2,0.18729,2533.4,0.4608,3
99_Archive/clean/Mylo vs Miami Sound Machine/Doctor Pressure/02 Mylo vs Miami Sound Machine - Doctor Pressure (dirty club mix).mp3,129.2,0.14727,2832.5,0.4288,3
99_Archive/clean/Dolly/Don’t Forget the Moonscreen/02 Organ Lab.flac,123.05,0.19542,1692.3,0.2705,2
99_Archive/clean/Dolly/Don’t Forget the Moonscreen/04 Mellow Fellow (slo mix).flac,143.55,0.05426,2087.1,0.4278,3
99_Archive/clean/Moodymann/Black Mahogani/05 I’m Doing Fine.flac,117.45,0.11622,1573.2,0.1227,1
99_Archive/clean/Dolly/Don’t Forget the Moonscreen/03 Don’t Forget the Moonscreen.flac,123.05,0.15997,3735.1,0.3737,2
99_Archive/clean/Arseslaughter/Disgrace to the Corpse of Arse/94 Heartwork.mp3,129.2,0.24625,1423.0,0.5166,3
99_Archive/clean/DJ Boring/DJ‐Kicks_ DJ BORING/2-10 Burnski - Pacific.flac,66.26,0.31951,2596.2,0.4707,3
99_Archive/clean/Avalon Emerson/DJ-Kicks_ Avalon Emerson/06 Little Mike - Dirty Pusherman (original Filthy mix).flac,123.05,0.19029,3927.6,0.4348,3
99_Archive/clean/dynArec/Disenchanted/01 Disenchanted.flac,89.1,0.25105,2267.9,0.3645,2
99_Archive/clean/DiSKOP/Disk 06/02 Boost.flac,129.2,0.05129,4184.0,0.4574,3
99_Archive/clean/dynArec/Disenchanted/02 Correlation.flac,129.2,0.23787,2194.3,0.5408,3
99_Archive/clean/dynArec/Disenchanted/03 Influoncers.flac,136.0,0.17577,1504.0,0.463,3
99_Archive/clean/dynArec/Disenchanted/04 Clean It Up.flac,136.0,0.24615,2397.2,0.6692,4
99_Archive/clean/Nite Fleit/Sycophantic Romantic/01 Toxic by Proxy.flac,129.2,0.17276,2158.5,0.4037,3
99_Archive/clean/Nite Fleit/Sycophantic Romantic/02 Sycophantic Romantic.flac,143.55,0.31326,1725.8,0.7676,4
99_Archive/clean/Nite Fleit/Sycophantic Romantic/03 Malfunction.flac,69.84,0.29107,1408.6,0.3619,2
99_Archive/clean/Nite Fleit/Sycophantic Romantic/04 Bystander in Full Effect.flac,129.2,0.18917,2266.1,0.443,3
99_Archive/clean/Nite Fleit/The Present/01 A Mind Out of Sight.flac,136.0,0.19458,1812.5,0.5139,3
99_Archive/clean/Nite Fleit/The Present/02 Dizzy Edge.flac,136.0,0.2249,1481.9,0.5667,3
99_Archive/clean/Nite Fleit/The Present/06 Fully Sunny.flac,136.0,0.19451,1454.7,0.4995,3
99_Archive/clean/Nite Fleit/The Present/03 Destroyer.flac,143.55,0.2058,2390.0,0.61,4
99_Archive/clean/Nite Fleit/The Present/04 Chemical Generation.flac,112.35,0.24299,2291.2,0.372,2
99_Archive/clean/Nite Fleit/The Present/05 Shadow Baby.flac,136.0,0.19698,1079.7,0.4961,3
99_Archive/clean/Nite Fleit/The Present/07 Electromagnetism.flac,136.0,0.24426,1753.6,0.6202,4
99_Archive/clean/Nite Fleit/The Present/08 Earth Dreams.flac,129.2,0.22238,1448.7,0.4669,3
99_Archive/clean/Nite Fleit/The Present/09 Rinse & Repeat.flac,112.35,0.40726,1403.3,0.4761,3
99_Archive/clean/Nite Fleit/The Present/10 Metallic Muse.flac,136.0,0.21611,1697.8,0.5564,3
99_Archive/clean/Nite Fleit/The Present/11 Defense Mechanisms.flac,69.84,0.31225,1817.0,0.4054,3
99_Archive/clean/Nite Fleit/The Present/12 Alienated Together.flac,69.84,0.30029,2025.6,0.4071,3
99_Archive/clean/Nite Fleit/The Present/13 Land Before Time.flac,136.0,0.18373,1830.5,0.4947,3
99_Archive/clean/Nite Fleit/The Present/18 Clockwork.flac,68.0,0.30371,1201.7,0.3709,2
99_Archive/clean/Nite Fleit/The Present/15 Ciao Pez.flac,69.84,0.13979,2765.6,0.1728,1
99_Archive/clean/Nite Fleit/The Present/17 Eager Beaver’s Clever Game.flac,136.0,0.13449,2618.1,0.4891,3
99_Archive/clean/Nite Fleit/The Present/14 Swiftly Now.flac,136.0,0.12528,1723.4,0.4139,3
99_Archive/clean/Nite Fleit/The Present/16 Fixed Stare Grip.flac,136.0,0.12369,2966.6,0.5185,3
99_Archive/clean/Nite Fleit/The Present/19 Delicate Balance.flac,136.0,0.14706,1415.1,0.4221,3
99_Archive/clean/Nite Fleit/The Present/21 Sidestep.flac,136.0,0.2444,2467.1,0.6744,4
99_Archive/clean/Nite Fleit/The Present/20 No Mystery.flac,136.0,0.19777,1407.6,0.5061,3
99_Archive/clean/Nite Fleit/The Present/22 Garbage in Garbage Out.flac,143.55,0.29239,1470.1,0.7331,4
99_Archive/clean/Nite Fleit/The Present/23 The Technologies of Pleasure.flac,136.0,0.21813,1571.3,0.556,3
99_Archive/clean/Nite Fleit/The Present/24 Tideshift.flac,69.84,0.2048,2367.5,0.239,2
99_Archive/clean/Nite Fleit/The Present/25 Underestimate the Grip.flac,136.0,0.24151,1196.8,0.5975,3
99_Archive/clean/Nite Fleit/The Present/26 Anatomy of Melancholy.flac,136.0,0.17063,2534.5,0.5291,3
99_Archive/clean/Nite Fleit/The Present/27 Paralysis.flac,136.0,0.28401,1506.5,0.6963,4
99_Archive/clean/Nite Fleit/The Present/29 Soft Sweet Air.flac,69.84,0.25299,2256.8,0.3394,2
99_Archive/clean/Nite Fleit/The Present/31 A Lil Deeper Than You Decide.flac,136.0,0.25209,2054.8,0.6639,4
99_Archive/clean/Nite Fleit/The Present/33 Lip Service.flac,107.67,0.2653,1137.2,0.361,2
99_Archive/clean/Nite Fleit/The Present/30 Cool Milds Look Wild.flac,136.0,0.15234,1838.7,0.4481,3
99_Archive/clean/Nite Fleit/The Present/28 Ruthless.flac,129.2,0.2244,1161.6,0.4659,3
99_Archive/clean/Nite Fleit/The Present/32 86 Tales of Finley.flac,136.0,0.17466,2276.9,0.5134,3
99_Archive/clean/Nite Fleit/The Present/36 Orbital Resonance.flac,136.0,0.12598,1510.3,0.4097,3
99_Archive/clean/Nite Fleit/The Present/34 Just a Story We Tell Ourselves.flac,89.1,0.18976,1980.6,0.2102,2
99_Archive/clean/Nite Fleit/The Present/35 Watch the Moon Drop.flac,129.2,0.2073,2034.2,0.4637,3
99_Archive/clean/Armand van Helden/Ghettoblaster (Deluxe Version)/03 Armand van Helden - I Want Your Soul.flac,129.2,0.31029,3788.3,0.8106,5
99_Archive/clean/2 Full Minds feat. E.Q_/No Smoke Remixes/04 No Smoke (Housey Doings remix).mp3,136.0,0.10042,1857.4,0.4065,3
"99_Archive/clean/89 Feat. Dariam Coco/Asa Tate, Dariam Coco (Original Mix) 127.mp3",129.2,0.2719,1815.1,0.5889,3
99_Archive/clean/Armand van Helden/You Don’t Know Me_ The Best Of/09 Ultrafunkula.wav,129.2,0.11457,1826.4,0.3181,2
99_Archive/clean/49° South/Love Somebody's Trigger Finger.flac,83.35,0.10893,2237.4,0.1084,1
99_Archive/clean/1130/Jesse Maas (Original Mix) 134.mp3,89.1,0.2191,4484.5,0.4348,3
99_Archive/clean/A Calling/Kennedy (Original Mix) 124.mp3,123.05,0.12996,2098.4,0.202,2
99_Archive/clean/A Million Things/Never Tear Us Apart (Disco) (Disco).mp3,123.05,0.19115,2861.3,0.3585,2
99_Archive/clean/Aaron Sevilla/My Body (Original Mix).mp3,83.35,0.23927,3520.3,0.4347,3
99_Archive/clean/Aaron Sevilla/New Mind (Original Mix).mp3,123.05,0.25593,3140.0,0.5352,3
99_Archive/clean/Aaron Mount/Hangry For You (BadWolf Remix).mp3,123.05,0.30735,2278.8,0.5305,3
99_Archive/clean/Aaron-Carl/Tears (Original Mix).mp3,129.2,0.22607,2222.7,0.5225,3
99_Archive/clean/Aaron-Carl/Tears/02 Tears (Pt. 2).mp3,129.2,0.20983,2649.6,0.524,3
99_Archive/clean/187 Lockdown/Gunman/03 Gunman (original mix).wav,129.2,0.12169,3848.4,0.4888,3
99_Archive/clean/Abdul Raeva/The Caballero Thrust Programme (Original Mix).mp3,129.2,0.21662,2681.9,0.5424,3
99_Archive/clean/Adam Ten/Magic Circus/01 Magic Circus (Original Mix).mp3,123.05,0.18904,2959.7,0.3646,2
99_Archive/clean/Adam Bennett/HOUSE COULD BE ANYTHING EP/01 HOUSE COULD BE ANYTHING - Adam Bennett.mp3,86.13,0.22504,3311.2,0.4089,3
"99_Archive/clean/Adam Ten, Mita Gami/The Queen (303 Retouch)/01 The Queen (303 Retouch).mp3",123.05,0.26144,3692.5,0.5853,3
99_Archive/clean/Adventures of Stevie V/Adventures of Stevie V/01 Dirty Cash (Sold Out mix).mp3,161.5,0.11911,2633.7,0.5194,3
99_Archive/clean/AFFKT/No Signal/02 No Signal (Pavel Petrov Mindiemal Remix).mp3,123.05,0.25893,2224.7,0.4489,3
99_Archive/clean/Afterlife/Rhythm Of Paradise (Original Mix) 123.mp3,123.05,0.24513,2498.1,0.4384,3
99_Archive/clean/ALADAG/Awake EP/01 Awake (Original Mix).mp3,123.05,0.3231,1993.6,0.529,3
99_Archive/clean/Aleceo/Kaifan (Original Mix) 112.mp3,112.35,0.19514,2125.6,0.2563,2
"99_Archive/clean/Alex Neri, Kamasutra, Tognarelli, Corinna Joseph/Burnin' (Alex Neri And Tognarelli (remix 1999)).mp3",61.52,0.20061,2454.7,0.2233,2
99_Archive/clean/Alexander East/Jest 4 Me (BHQ Vocal Dub).mp3,129.2,0.2038,2207.7,0.4705,3
99_Archive/clean/Alexander Skancke/The Wasp Queen - QRK013/02 Typhoon Flutes.mp3,129.2,0.19239,2903.0,0.5163,3
99_Archive/clean/Alicia Myers/Right Here Right Now ( Alex Di Cio' Remix )/01 Right Here Right Now ( Alex Di Cio' Remix ) (Full Vocal Remix  Alex Di Cio').mp3,117.45,0.2502,3372.0,0.5057,3
99_Archive/clean/Alinka/Moving Bodies/02 Future Funk.mp3,129.2,0.24285,3259.1,0.663,4
"99_Archive/clean/Alt Control, Millero, Raz Alon, GERSH, Dan Barrow/All Stars 06/02 Mon Amour (Original Mix).mp3",123.05,0.18938,2829.2,0.3534,2
99_Archive/clean/Anabel Englund/Messing With Magic/06 Lee Foss & Anabel Englund - Warm Disco.mp3,83.35,0.25643,2983.7,0.4295,3
99_Archive/clean/Anastacia/One Day in Your Life/04 One Day in Your Life (Almighty mix).mp3,83.35,0.27481,3397.1,0.5058,3
99_Archive/clean/Andre Zimmer/Saved My Life/03 The Quest.mp3,129.2,0.26641,2583.4,0.6432,4
99_Archive/clean/Alexander Skancke/I Love You/03 Do You Feel The Love_.wav,123.05,0.22958,2644.9,0.4225,3
99_Archive/clean/Alineat/SexyPeggy Ep/01 Peggy's Shake.flac,123.05,0.21955,3096.3,0.4513,3
99_Archive/clean/Andronicus/Make You Whole/02 Make You Whole (original mix).mp3,123.05,0.19033,2704.8,0.3438,2
99_Archive/clean/Aney F_/Oh Yeah (Original Mix).mp3,129.2,0.30554,2034.5,0.6605,4
99_Archive/clean/Aney F_/Stay Awake (Original Mix).mp3,129.2,0.3411,1878.0,0.6778,4
99_Archive/clean/Aney F_/Take Me Back (Original Mix).mp3,129.2,0.37254,1845.9,0.6845,4
99_Archive/clean/Aney F_/Time (Original Mix).mp3,129.2,0.33956,1953.0,0.6829,4
99_Archive/clean/Angel Heredia/Back In The Game (Original Mix).mp3,83.35,0.33866,2997.7,0.5396,3
99_Archive/clean/Angel Heredia/Daiva (Original Mix).mp3,123.05,0.23203,3441.9,0.5105,3
99_Archive/clean/Angel Heredia/Do U Wanna More Party (Original Mix).mp3,123.05,0.24831,3071.1,0.5104,3
99_Archive/clean/Angel Heredia/I Like That (Original Mix).mp3,123.05,0.28712,2906.8,0.5701,3
99_Archive/clean/Angel Heredia/It's Coming (Original Mix).mp3,123.05,0.24986,3195.2,0.5299,3
"99_Archive/clean/Angelo Ferreri, Moon Rocket/Never Run Away (Original Mix).mp3",123.05,0.21607,2487.8,0.3766,2
99_Archive/clean/Anderson/Sunbeam/01 Sunbeam (Dawn Mix).m4a,129.2,0.17614,2717.9,0.464,3
99_Archive/clean/Anil Aras/When Souls Collide (Original Mix).mp3,129.2,0.18592,2354.2,0.4489,3
99_Archive/clean/Annette Taylor/Woman's Intuition/01 Annette Taylor - It Must Be Right.mp3,112.35,0.11768,2823.4,0.214,2
"99_Archive/clean/ANOTR/The Reset/02 ANOTR, Abel Balder - Your Mind.mp3",129.2,0.19863,2688.9,0.5057,3
"99_Archive/clean/ANOTR/The Reset/10 ANOTR, Abel Balder - Vertigo.mp3",129.2,0.17195,2738.5,0.4614,3
99_Archive/clean/ANOTR/The Reset/03 ANOTR - Amplia.mp3,123.05,0.19149,2325.6,0.3122,2
"99_Archive/clean/ANOTR, Abel Balder/Relax My Eyes (Original Mix).mp3",129.2,0.15099,3121.2,0.4737,3
99_Archive/clean/Antss/Ahh (Original Mix).mp3,129.2,0.21446,3460.0,0.6196,4
"99_Archive/clean/ANTOR, Levan Kali, Erik Bandt/How You Feel/01 How You Feel (Original Mix).mp3",129.2,0.21635,2831.2,0.561,3
99_Archive/clean/Antonio Estrada/El Canto (Original Mix).mp3,123.05,0.24423,3093.5,0.5046,3
99_Archive/clean/Approximate/Just Relax (Mike Kohl Remix) 120.mp3,117.45,0.25994,1841.6,0.3866,2
99_Archive/clean/Antonio/Closer (Mr. Stone Edit).flac,129.2,0.16991,2793.3,0.4644,3
99_Archive/clean/Anturage & Alar/Moet (BadWolf Remix).mp3,123.05,0.27485,1736.7,0.4482,3
99_Archive/clean/Anthony Teasdale/Me/02 Distant Storm.m4a,123.05,0.03189,1776.2,0.1411,1
99_Archive/clean/Approximate/Just Relax (Original Mix) 120.mp3,117.45,0.1803,3241.8,0.3446,2
99_Archive/clean/Aquaticmaneuvers/Rocky (Original Mix) 127.mp3,129.2,0.22018,3210.6,0.6152,4
99_Archive/clean/Archie Hamilton/Moving On (Original Mix).mp3,129.2,0.27822,2015.3,0.6232,4
"99_Archive/clean/Archie Hamilton, The Smoothness/Ease My Mind (Original Mix).mp3",129.2,0.21094,2365.5,0.5054,3
99_Archive/clean/Archie Hamilton/Shade (Original Mix).mp3,123.05,0.20319,1907.7,0.3043,2
"99_Archive/clean/Around The Corner/Noha, Alex Tea, Pathagonia (Original Mix) 132.mp3",129.2,0.25939,2629.3,0.6375,4
"99_Archive/clean/Asaf Samuel, DARCO 09/Start The Party/01 Start The Party (Original Mix).mp3",123.05,0.28081,3006.8,0.5696,3
"99_Archive/clean/ATFC, The Cube Guys/Samba For Maria (Original Mix).mp3",123.05,0.30793,3396.8,0.6485,4
99_Archive/clean/Austin Ato/When Love Is Tender/04 When Love Is Drums.mp3,129.2,0.18986,3091.3,0.5382,3
99_Archive/clean/Ausem FF/Wanted Thing (Grensta Remix).mp3,83.35,0.30964,2623.4,0.4769,3
99_Archive/clean/Ausem FF/You're You (Marlon Sadler Remix).mp3,83.35,0.19248,3823.7,0.3527,2
99_Archive/clean/Attaboy/In Too Deep _ In Deeper/01 In Too Deep.flac,129.2,0.07536,2754.0,0.3794,2
99_Archive/clean/Avante (UK)/El Gaffio (Original Mix).mp3,123.05,0.23461,3155.0,0.4935,3
99_Archive/clean/Avante (UK)/Motionz (Original Mix).mp3,129.2,0.18941,2374.8,0.4621,3
99_Archive/clean/Avante (UK)/Numbers (Original Mix).mp3,86.13,0.28388,2785.6,0.4752,3
99_Archive/clean/AVCI/No Hope Left EP/03 End of an Era.mp3,123.05,0.29424,2979.5,0.5904,3
99_Archive/clean/Azari & III/Reckless (With Your Love) Remixes/02 Reckless (with Your Love) (Neville Watson remix).mp3,129.2,0.28103,2734.8,0.6908,4
99_Archive/clean/Azura/Reedale Rise (Original Mix) 125.mp3,123.05,0.3079,1776.4,0.5022,3
99_Archive/clean/Babert/Boogie Oogie/01 Boogie Oogie.mp3,123.05,0.15575,2634.6,0.2781,2
"99_Archive/clean/Back It Up/Josh Baker, Omar+ (Original Mix) 132.mp3",129.2,0.25319,2497.0,0.6141,4
99_Archive/clean/Bad Work/Luca Vera (Original Mix) 125.mp3,123.05,0.24781,1802.6,0.3971,2
99_Archive/clean/BadWolf & Disastro/Tu Eres Mia (Original Mix).mp3,123.05,0.25506,2180.5,0.4448,3
"99_Archive/clean/Banghook, Kuka/Mission (Extended Mix).mp3",123.05,0.30898,3074.6,0.6216,4
99_Archive/clean/Baris Bicakci/[BR092] _ Baris Bicakci - Music Is The Same Again ep  [2020 Remastered Special Digital Edition]/01 Mo'Shake [2020 Remastered Version].mp3,129.2,0.25724,3260.8,0.7048,4
99_Archive/clean/Basement Jaxx/Bingo Bango (David Morales Mixes)/02 Bingo Bango (Altered Face mix).mp3,129.2,0.26077,2846.0,0.666,4
99_Archive/clean/Basement UK/Bloq (Original Mix).mp3,123.05,0.30639,2449.8,0.551,3
99_Archive/clean/Basement UK/Hitman (Original Mix).mp3,123.05,0.27487,2935.2,0.5531,3
99_Archive/clean/BadWolf/COKAINE/01 Cokaine.flac,123.05,0.30392,1612.2,0.4919,3
99_Archive/clean/Ben Balance/Code Language 68 (Original Mix).mp3,129.2,0.20186,1807.3,0.446,3
99_Archive/clean/Barut/Cuantiz EP/01 Cuantiz.flac,129.2,0.2016,1639.6,0.4376,3
99_Archive/clean/Ben Balance/Move Them (Original Mix).mp3,129.2,0.17056,1833.7,0.3887,2
99_Archive/clean/Ben Balance/Romantic View (Original Mix).mp3,129.2,0.26834,2272.0,0.6263,4
99_Archive/clean/Ben Balance/The Peanut Butter Falcon (Original Mix).mp3,129.2,0.24553,1732.8,0.5377,3
99_Archive/clean/Ben Murphy/Devils Music (Original Mix).mp3,63.02,0.24831,1611.3,0.2726,2
99_Archive/clean/Ben Murphy/Dont Go (Original Mix).mp3,129.2,0.2615,3109.2,0.7011,4
99_Archive/clean/Ben Bux/Shadows & Dust (Extended Mix).mp3,129.2,0.27549,3617.7,0.7641,4
99_Archive/clean/Ben Murphy/Garage Girl (Original Mix).mp3,123.05,0.21623,1423.9,0.315,2
99_Archive/clean/Benny Mussa/Save My Life (Extended).mp3,123.05,0.21208,2422.8,0.3688,2
"99_Archive/clean/Bernard Badie, Dajae/Tonight (Git Down Tonight Dub).mp3",129.2,0.16291,2852.5,0.4638,3
99_Archive/clean/Big Trouble Records/Big Trouble Presents_ Into The Bass Bins/04 X & Ivy - Outro.mp3,89.1,0.3086,3680.6,0.5906,3
99_Archive/clean/Ben Williams/Drop It Like It's Hot (Original Mix).mp3,123.05,0.17049,3216.0,0.3708,2
99_Archive/clean/Black Fancy/Witcha (Original Mix).mp3,83.35,0.25769,3645.6,0.4883,3
99_Archive/clean/Blakdoktor/I Believe So Strong (Blakdoktor Mix).mp3,123.05,0.10671,2502.8,0.2258,2
"99_Archive/clean/BLOND_ISH, Broken Hill, DARCO 09/GOAT/01 GOAT (Original Mix).mp3",123.05,0.24969,2424.9,0.453,3
99_Archive/clean/Bob Sinclar/House Masters_ Bob Sinclar/2-06 Blaze - Do You Remember House (Bob Sinclar remix).mp3,129.2,0.1898,3392.3,0.5694,3
99_Archive/clean/Bonafique/Three Spirit/01 Three Spirit (Original Mix).mp3,123.05,0.10871,3520.2,0.3261,2
"99_Archive/clean/Bonafique, KADI (IL)/Jazzmin (Extended Mix)/01 Jazzmin (Extended Mix).mp3",123.05,0.28914,2652.3,0.5518,3
99_Archive/clean/Bosq/Celestial Strut/06 Bosq feat. Kuyen - Found Your Love.mp3,112.35,0.17025,2681.6,0.2585,2
99_Archive/clean/Blue Noise/Sonorous EP/03 Coldflow.flac,129.2,0.13456,3244.4,0.4779,3
99_Archive/clean/Boss Priester/Goody Woody.mp3,129.2,0.1679,3127.6,0.5039,3
"99_Archive/clean/Brandon Caballero, Jordan Allinor/Feel Good (Groove Killah Goes Acid Mix).mp3",129.2,0.27216,3299.8,0.739,4
99_Archive/clean/Bob Marley vs. Funkstar De Luxe Remix/Sun Is Shining/04 Sun Is Shining (ATB club mix).wav,129.2,0.16563,1550.2,0.3687,2
99_Archive/clean/Bob Sinclar/I feel for you.wav,129.2,0.18628,3016.7,0.524,3
99_Archive/clean/Blue Noise/Sonorous EP/01 Sonorous.flac,129.2,0.08704,1862.0,0.3157,2
99_Archive/clean/Blue Noise/Sonorous EP/02 Process.flac,129.2,0.13555,1137.3,0.3257,2
"99_Archive/clean/Brandon Caballero, Jordan Allinor/Feel Good (Original Mix).mp3",63.02,0.2916,3194.9,0.4965,3
"99_Archive/clean/Brandon Caballero, Jordan Allinor/Feel Good (Reblok Remix).mp3",123.05,0.22829,3116.8,0.4809,3
99_Archive/clean/Brennan & Ferg/Dubble 002/04 Fanfare.mp3,123.05,0.19621,2948.6,0.3885,2
99_Archive/clean/Brett Johnson/Here & Now.flac,83.35,0.11267,3577.6,0.2379,2
99_Archive/clean/Brick/Control/02 Fracture.flac,143.55,0.35941,2267.4,0.8309,5
99_Archive/clean/Brunello/Ghost Dance/01 Ghost Dance (Original Mix).mp3,123.05,0.32291,1860.2,0.5276,3
99_Archive/clean/Brunello/Jester's Privilege/01 Jester's Privilege (Original Mix).mp3,129.2,0.27678,2081.4,0.6316,4
99_Archive/clean/Brian Tappert/The Organ Track/02 The Organ Track (The Other House Mix).wav,129.2,0.24412,4105.2,0.7136,4
99_Archive/clean/Brick/Control/01 Control.flac,143.55,0.33007,2665.9,0.8562,5
99_Archive/clean/Brunello/Lost In The Mellow Circus/02 Lost In The Mellow Circus (Extended Mix).mp3,129.2,0.27384,2638.9,0.673,4
99_Archive/clean/Brick/Control/03 Reality Drift.flac,143.55,0.35522,1267.7,0.7779,4
99_Archive/clean/Brick/Control/04 Aspect.flac,143.55,0.32999,2000.3,0.8007,5
99_Archive/clean/Brunello/Melted/01 Melted (Original Mix).mp3,129.2,0.33738,1606.5,0.6724,4
99_Archive/clean/Bs As Deep/Love for the House (Original Mix).mp3,83.35,0.21904,3319.3,0.3835,2
99_Archive/clean/Brick x Zero Idea/Don't Trip/01 Zonin'.flac,92.29,0.39922,2619.3,0.5362,3
99_Archive/clean/Brooklyn Baby/Watch What You_'re Sayin_'.wav,117.45,0.15893,3179.9,0.3022,2
99_Archive/clean/Brick x Zero Idea/Don't Trip/02 Don't Trip.flac,143.55,0.40092,3168.7,0.9305,5
99_Archive/clean/Brick x Zero Idea/Don't Trip/04 Horizon.flac,92.29,0.37489,2461.9,0.5201,3
99_Archive/clean/Burd+ Cupi/Ruit Hora (Original Mix) 123.mp3,123.05,0.41815,1992.3,0.5606,3
99_Archive/clean/Burnski & Kepler_/Solstice/06 Kepler. - Serious.mp3,136.0,0.24597,3421.5,0.7775,4
99_Archive/clean/Bufo Bufo/Beelzebufo/03 Ectoplasm.flac,136.0,0.26682,2326.4,0.716,4
99_Archive/clean/Bushwacka!/The Sound (The Remixes)/03 The Sound (Jansons Remix).mp3,129.2,0.18354,3444.5,0.5619,3
99_Archive/clean/Buzzy Bus/Jump/03 Jump (Scritch Scritch dub mix).mp3,129.2,0.16206,3281.3,0.5146,3
99_Archive/clean/Burnski/Boom/01 Boom.flac,129.2,0.22676,3538.9,0.6606,4
"99_Archive/clean/Cafe De Anatolia, Ars Oda/Every Night (Original Mix) 118.mp3",117.45,0.1607,2948.6,0.2768,2
99_Archive/clean/Buckfunk 3000/2 Much Booty/02 Command Your Soul.flac,92.29,0.18786,3610.1,0.3577,2
99_Archive/clean/Caitto/Ball (Original Mix).mp3,123.05,0.24365,3736.3,0.5555,3
99_Archive/clean/Caitto/El Acosador (Original Mix).mp3,123.05,0.18387,3713.3,0.4267,3
"99_Archive/clean/Cale De Bou/Gorge, Nick Curly (Extended Mix) 127.mp3",129.2,0.22104,3376.9,0.6394,4
99_Archive/clean/Burnski/Summer 23/01 Summer 23.wav,129.2,0.20749,2637.8,0.5299,3
"99_Archive/clean/Call Me/Jimpster, Loxodrome (Original Mix) 122.mp3",123.05,0.24016,848.2,0.3601,2
"99_Archive/clean/Can We Try/Lady Linn, Fcl (Deetron Dub) 120.mp3",117.45,0.03694,3998.5,0.2727,2
99_Archive/clean/Callisto/Bruised Knuckles E.P_/04 Never Again.flac,172.27,0.05478,399.5,0.4021,3
99_Archive/clean/Candi Staton & Kelly G_/Power of One (extended mix)/01 Power of One (extended mix).mp3,123.05,0.16983,2643.7,0.3087,2
99_Archive/clean/Caravaca/Caos (Original Mix).mp3,123.05,0.16184,3745.5,0.3911,2
99_Archive/clean/Caravaca/CO2 (Original Mix).mp3,123.05,0.18668,3293.3,0.4096,3
99_Archive/clean/Caravaca/Lambo (Ekai Remix).mp3,123.05,0.25778,3085.6,0.5453,3
99_Archive/clean/Caravaca/Lambo (Original Mix).mp3,123.05,0.2849,2683.5,0.5527,3
99_Archive/clean/Butch/No Worries _ Tease Me/01 No Worries.wav,129.2,0.23839,3889.8,0.6984,4
99_Archive/clean/Caravaca/Miss U (Knober Remix).mp3,83.35,0.25795,3691.6,0.4914,3
99_Archive/clean/Caravaca/Miss U (Original Mix).mp3,123.05,0.284,3346.6,0.6219,4
99_Archive/clean/Carl Cox/Global/06 Lovesky - Drumz for Better Daze (16C+ mix).mp3,86.13,0.2285,2940.2,0.3769,2
99_Archive/clean/Carlos A/Yajhu (David Aurel Remix).mp3,123.05,0.22681,3875.1,0.5277,3
99_Archive/clean/Carrot/Hold Me (Original Mix).mp3,129.2,0.31332,3533.7,0.819,5
"99_Archive/clean/Catz 'n Dogz, Nick Monaco/Inside (Extended Mix).mp3",129.2,0.2779,2412.4,0.6621,4
99_Archive/clean/Charles Webster/House Masters/03 Presence - Better Day.mp3,123.05,0.29459,3191.6,0.6251,4
99_Archive/clean/Cavi/Tell You (Original Mix).mp3,123.05,0.32054,2725.6,0.6024,4
"99_Archive/clean/Caspa/The Journey/02 The Journey, Pt. Two.flac",129.2,0.08178,2482.9,0.3648,2
99_Archive/clean/Cheise/Cre8ors - Elevation (Cheise Edit) FREE DOWNLOAD.mp3,129.2,0.21916,1928.1,0.5015,3
99_Archive/clean/Cheise/Grant - Malt Brun (Cheise Edit) FREE DOWNLOAD.mp3,123.05,0.13936,2196.7,0.2338,2
99_Archive/clean/Cheise/Tricky Disco - House Fly (Cheise Edit).mp3,129.2,0.21851,2794.5,0.572,3
99_Archive/clean/Cheise/Underworld - Born Slippy (EDIT) FREE DOWNLOAD.mp3,66.26,0.14687,2065.3,0.112,1
99_Archive/clean/Cheise/Unknown Artist - Set The Alarm (Cheise Edit) FREE DOWNLOAD.mp3,123.05,0.17775,2606.5,0.3194,2
99_Archive/clean/Chiara Manchia/On My Own (Silat Beksi Remix).mp3,83.35,0.22988,2296.0,0.3058,2
99_Archive/clean/Chris Gialanze/Gunna Be (Original Mix).mp3,63.02,0.17231,4426.5,0.2967,2
99_Archive/clean/Chris Nasty/Rising Up (Extended Mix).mp3,123.05,0.18592,3082.0,0.3889,2
99_Archive/clean/Cassius/Au Rêve/18 Cassius - The Sound of Violence (Narcotic Thrust remix).wav,129.2,0.17703,3269.8,0.5403,3
99_Archive/clean/Cheise/Fierce Ruling Diva - Nothing Yet (Cheise Edit) FREE DOWNLOAD.flac,129.2,0.22387,3215.1,0.6347,4
99_Archive/clean/Chris Stussy/Won’t Stop (Don’t)/01 Won’t Stop (Don’t).mp3,89.1,0.24801,2863.2,0.4136,3
99_Archive/clean/Chris Stussy/Won’t Stop (Don’t)/03 Tremont St.mp3,136.0,0.25197,3030.2,0.7563,4
99_Archive/clean/Chris Stussy & Litmus/Across Ocean/05 Chris Stussy - Seeing & Believing (DJOKO extended remix).mp3,129.2,0.22501,3006.3,0.6117,4
99_Archive/clean/CJ Bolland/The Prophet/02 Sugar Is Sweeter (Armand van Helden's Drum 'n' Bass mix).mp3,129.2,0.11275,3855.4,0.4998,3
99_Archive/clean/Club Angel/Stronger!.mp3,143.55,0.31997,2888.2,0.8745,5
99_Archive/clean/Come On Back With Your Love/Kolter (Sunrise Mix) 130.mp3,129.2,0.16379,2383.2,0.427,3
99_Archive/clean/Cooler Than Your Records/Criminal System (Original Mix) 125.mp3,123.05,0.17332,3406.0,0.3961,2
99_Archive/clean/Corrie/Groove Me Last (Original Mix).mp3,129.2,0.20829,3383.9,0.6139,4
99_Archive/clean/Craving What Ain't Mine/M-High (Original Mix) 130.mp3,129.2,0.29435,2833.6,0.7348,4
99_Archive/clean/Crazy P/Stop Space Return/01 Stop Space Return.mp3,117.45,0.10831,3106.1,0.2482,2
99_Archive/clean/Conforce pres. Silent Harbour/Noctiluca/06 Pelagia.flac,123.05,0.35916,2046.5,0.562,3
99_Archive/clean/Crazy P/Walk Dance Talk Sing/01 Like a Fool.mp3,117.45,0.13518,2047.1,0.169,1
99_Archive/clean/Crazy P/Walk Dance Talk Sing/08 Scrap the Book.mp3,117.45,0.21559,2424.8,0.3327,2
99_Archive/clean/Corrie/Blast _ Stars/01 Blast.flac,129.2,0.20377,3176.7,0.5859,3
99_Archive/clean/Crazy P/Truelight EP/02 One True Light.flac,117.45,0.15885,3313.4,0.3146,2
99_Archive/clean/Cristian Viviano/RESSOURCES/01 RESSOURCES (Original Mix).mp3,129.2,0.22121,2905.7,0.5946,3
99_Archive/clean/Cuba/Down The Hole (Original Mix).mp3,129.2,0.27311,2586.9,0.6713,4
"99_Archive/clean/Cuevas (ES), Lautaro Bidegain/Boom (Original Mix).mp3",129.2,0.18922,3978.4,0.6005,4
"99_Archive/clean/Cuevas (ES), Lautaro Bidegain/Fuck That (Original Mix).mp3",83.35,0.18675,2727.8,0.2516,2
99_Archive/clean/D Stone/Djingo.mp3,129.2,0.22868,2741.8,0.5954,3
"99_Archive/clean/D Stone, Benjamin Berg/World Of Colours (Original Mix).mp3",83.35,0.1294,3564.1,0.2521,2
99_Archive/clean/Dabeat/Red Sky Night (Original Mix) 122.mp3,123.05,0.27709,2958.1,0.5684,3
99_Archive/clean/Dachshund/Alive (Original Mix).mp3,123.05,0.29145,3020.3,0.6004,4
99_Archive/clean/Dachshund/Meanwhile (Original Mix).mp3,123.05,0.2931,2552.3,0.5551,3
99_Archive/clean/Dachshund/Slow Deep Breath (Original Mix).mp3,123.05,0.29667,2629.3,0.5661,3
99_Archive/clean/D'Julz/Est. 1992 Remixes/01 Highway (Janeret remix).flac,129.2,0.25179,2759.4,0.6479,4
99_Archive/clean/Daft Punk/Homework (Remixes)/10 Burnin' (Ian Pooley Cut up mix).mp3,129.2,0.25807,3373.9,0.7274,4
99_Archive/clean/Dabeull/You & I (Chiro EDIT).wav,117.45,0.20388,2426.8,0.3073,2
"99_Archive/clean/Daft Punk/Musique, Vol. 1_ 1993–2005/02 Daft Punk - Da Funk.mp3",112.35,0.1435,2226.2,0.1814,1
99_Archive/clean/Damian Lazarus/Magickal/03 Damian Lazarus - Y Don’t U.mp3,123.05,0.18165,2876.9,0.3577,2
99_Archive/clean/Daniel Bedingfield/Gotta Get Thru This/03 Gotta Get Thru This.mp3,89.1,0.20508,2659.3,0.2982,2
99_Archive/clean/Daniel Bracket/Giraffe (Original Mix).mp3,123.05,0.2396,2834.5,0.4752,3
99_Archive/clean/Cultured Pearls/Mother Earth (Hoff's Optimistic House Edit) Remaster.wav,123.05,0.09489,2919.0,0.271,2
99_Archive/clean/Dan D Lion/Feels So Good/01 Feels So Good.flac,83.35,0.12534,2278.3,0.1278,1
"99_Archive/clean/Daniele Travali, Marco C_/Le Dop (Original Mix).mp3",129.2,0.17766,2772.6,0.4889,3
"99_Archive/clean/Daniele Travali, Marco C_/Smoghen (Original Mix).mp3",129.2,0.182,2465.9,0.4668,3
"99_Archive/clean/Daniele Travali, Marco C., Peppe Markese/Bagga Ghen (Original Mix).mp3",129.2,0.28227,1932.5,0.6381,4
99_Archive/clean/Danilo Schneider/Man Without Soul (Original Mix).mp3,123.05,0.1793,2638.4,0.3291,2
99_Archive/clean/Danilo Schneider/Chroma (Original Mix).mp3,123.05,0.19531,2773.5,0.3749,2
99_Archive/clean/Danilo Schneider/Suspend (Original Mix).mp3,123.05,0.23822,2367.7,0.4278,3
99_Archive/clean/Danilo Schneider/No Attraction (Original Mix).mp3,123.05,0.16806,2572.0,0.3028,2
99_Archive/clean/DanMat/Mind Circus/01 Mind Circus (Extended Mix).mp3,129.2,0.3315,2748.0,0.7654,4
99_Archive/clean/Danny Goliger/Meaningful Pursuits/02 Calculable.flac,103.36,0.20466,1736.9,0.2393,2
99_Archive/clean/Danny Goliger/Meaningful Pursuits/01 Accidents Happen.flac,107.67,0.13699,1898.6,0.1476,1
99_Archive/clean/Danny Goliger/Meaningful Pursuits/03 Reality Now.flac,103.36,0.2498,820.0,0.32,2
99_Archive/clean/Danny Goliger/Meaningful Pursuits/04 Meaningful Pursuits.flac,103.36,0.18497,1424.7,0.1883,1
99_Archive/clean/Danny Goliger/Meaningful Pursuits/05 Your Hand.flac,161.5,0.25512,2558.7,0.7525,4
99_Archive/clean/Danny Goliger/Meaningful Pursuits/10 B-.flac,112.35,0.08965,1333.6,0.0938,1
99_Archive/clean/Danny Goliger/Meaningful Pursuits/09 Court Card.flac,129.2,0.1132,2532.5,0.3928,2
99_Archive/clean/Digitalis/Collected Vinyl Breaks/11 Stiletto.flac,136.0,0.19466,2932.2,0.6179,4
99_Archive/clean/Digitalis/Collected Vinyl Breaks/10 I Make Beats.flac,136.0,0.15001,3267.4,0.5815,3
99_Archive/clean/Digitalis/Collected Vinyl Breaks/03 Mind Games (Introspective Remix).flac,89.1,0.19993,2692.2,0.2902,2
99_Archive/clean/Digitalis/Collected Vinyl Breaks/01 Dealing With It (Mutagen Mix).flac,136.0,0.19161,2800.4,0.6001,4
99_Archive/clean/Digitalis/Collected Vinyl Breaks/04 I Make Beats (EK Remix).flac,136.0,0.26766,2397.5,0.7267,4
99_Archive/clean/Digitalis/Collected Vinyl Breaks/12 One Time.flac,129.2,0.19627,2780.0,0.5293,3
99_Archive/clean/Digitalis/Collected Vinyl Breaks/05 Silent Running.flac,136.0,0.23835,2033.4,0.6305,4
99_Archive/clean/Digitalis/Collected Vinyl Breaks/07 Circuit Control.flac,136.0,0.22345,2912.5,0.6804,4
99_Archive/clean/Digitalis/Collected Vinyl Breaks/06 The Ride (Kid Blue Remix).flac,129.2,0.14275,3118.4,0.4821,3
99_Archive/clean/Digitalis/Collected Vinyl Breaks/08 Inside The Computer.flac,136.0,0.19789,2775.6,0.6088,4
99_Archive/clean/Digitalis/Collected Vinyl Breaks/13 Mind Games.flac,136.0,0.18624,3028.2,0.613,4
99_Archive/clean/Digitalis/Collected Vinyl Breaks/15 Preconception.flac,136.0,0.18891,3898.1,0.6787,4
99_Archive/clean/Digitalis/Collected Vinyl Breaks/16 Ana (Digitalis Remix).flac,129.2,0.16888,2788.8,0.4775,3
99_Archive/clean/Digitalis/Collected Vinyl Breaks/17 Campana (Digitalis Remix).flac,123.05,0.24237,1799.4,0.3954,2
"99_Archive/clean/Dilby, Tyler Brunton/It's Alright _ Distant/01 Distant (Original Mix).flac",123.05,0.25383,1947.5,0.4364,3
"99_Archive/clean/Dilby, Tyler Brunton/It's Alright _ Distant/02 Distant (Simon Mattson Remix).flac",123.05,0.25874,3505.2,0.588,3
99_Archive/clean/Dissolut/You Freak (Original Mix).mp3,129.2,0.24655,2708.7,0.6313,4
"99_Archive/clean/DJ Armand _ DJ El Gringo/Rave Master Mixers, Volume 3 & 4/1-17 Mighty Dub Katz - Only When I'm Dancing Do I Feel This.mp3",83.35,0.06905,2880.8,0.1544,1
99_Archive/clean/Digitalis/Collected Vinyl Breaks/19 75mins DJ Mix by Digitalis.flac,136.0,0.1851,2800.4,0.5868,3
"99_Archive/clean/Dilby, Tyler Brunton/It's Alright _ Distant/04 It's Alright (Pornbugs & Buraq Remix).flac",123.05,0.20879,2167.4,0.3491,2
99_Archive/clean/Dimmish/Duplex pt. 1/02 Red Light.flac,129.2,0.22989,3059.8,0.6381,4
99_Archive/clean/Dina Vass/The Love I Have for You/02 The Love I Have For You (Full Intention Classic Mix).flac,129.2,0.09316,3206.5,0.457,3
99_Archive/clean/Dina Vass/The Love I Have for You/03 The Love I Have For You (Club Mix).flac,129.2,0.08112,3125.4,0.4419,3
"99_Archive/clean/Dilby, Tyler Brunton/It's Alright _ Distant/05 It's Alright (Die Vogelperspektive Remix).flac",123.05,0.19119,2728.7,0.3652,2
"99_Archive/clean/DJ Delicious, DERON/Same Man (DERON Rework) (Extended Mix)/01 Same Man (DERON Rework) (Extended Mix).mp3",123.05,0.21776,2550.9,0.4016,3
99_Archive/clean/DJ Fixx/Don't Touch (Original Mix).mp3,136.0,0.0783,2339.7,0.436,3
"99_Archive/clean/DJ Deep, Traumer/Sunday Loop.flac",129.2,0.18131,3313.5,0.5583,3
99_Archive/clean/DJ Brisk & Trixxy/Eye Opener _ I Need Somebody/01 Eye Opener.wav,129.2,0.20881,3460.5,0.6253,4
99_Archive/clean/DJ Bigga G/Mind Body and Soul/02 Mind Body and Soul (4x4 mix).flac,89.1,0.11963,2991.2,0.21,2
99_Archive/clean/Dj Jacuzziy/Tracks From The Swimming Pool/01 The Sunlight.flac,89.1,0.12127,3560.2,0.2618,2
99_Archive/clean/DJ Life/Hypersonic EP/01 White Bricks.flac,89.1,0.21393,3344.8,0.3935,2
99_Archive/clean/DJ Lora/Live Together (Lucati Remix).mp3,129.2,0.2124,3131.7,0.6075,4
99_Archive/clean/DJ Lora/Live Together (Needs No Sleep Remix).mp3,83.35,0.28403,3580.8,0.5388,3
99_Archive/clean/DJ Phenix/Do You Luv Me (Original Mix).mp3,129.2,0.13658,2278.0,0.3941,2
99_Archive/clean/DJ Life/Hypersonic EP/02 Steel.flac,136.0,0.25722,1965.3,0.6735,4
"99_Archive/clean/DJ Juanito/Bust A Groove, Vol. 7/04 The House Call.flac",123.05,0.21432,3212.6,0.4692,3
99_Archive/clean/DJ Life/Hypersonic EP/03 Waverider.flac,92.29,0.28447,1787.0,0.4059,3
99_Archive/clean/DJ Life/Hypersonic EP/04 White Bricks (Adam Pits' Topsy Turvy Mix).flac,136.0,0.18984,2798.2,0.5979,3
99_Archive/clean/DJ Life/Hypersonic EP/05 Steel (Ciel's Tokyo Drifting Remix).flac,143.55,0.26198,2099.1,0.7172,4
99_Archive/clean/DJ Split/Tape Zone (XoXo Mix).mp3,129.2,0.2125,3850.8,0.6525,4
99_Archive/clean/DJ Lucci/Balearic Blessings/00 Balearic Blessings (Vocal Journey Mix).flac,136.0,0.03737,1813.3,0.3873,2
99_Archive/clean/DJ Jedi/The Prophecy EP/04 Dance With The Speaker.flac,107.67,0.23891,3878.4,0.4892,3
99_Archive/clean/DJ Stigma/Baby Sunshine/04 Baby Sunshine (Stig's club edit).mp3,136.0,0.20914,2812.5,0.6397,4
99_Archive/clean/Dodi/How Many Times_/01 How Many Times_ (Original Mix).mp3,123.05,0.28189,2877.4,0.5731,3
"99_Archive/clean/Doorly, Thabo/One For The Crew (Original Mix).mp3",123.05,0.25667,3890.7,0.6021,4
99_Archive/clean/DJ Tonka/She Knows You/04 She Knows You (original version).flac,129.2,0.16913,2554.8,0.4574,3
"99_Archive/clean/Drake/Honestly, Nevermind/02 Drake - Falling Back.mp3",117.45,0.36786,2005.0,0.5115,3
99_Archive/clean/Drake/More Life/05 Drake feat. Black Coffee & Jorja Smith - Get It Together.mp3,123.05,0.2931,1383.3,0.484,3
99_Archive/clean/Donald's House/The Final Front Ear/01 Melodies on the Meridian.flac,117.45,0.16833,2769.4,0.271,2
99_Archive/clean/Drexciya/Grava 4/01 Cascading Celestial Giants.flac,92.29,0.05724,1117.3,0.0589,1
99_Archive/clean/Drexciya/Grava 4/03 Powers of the Deep.flac,64.6,0.09067,1496.0,0.0365,1
99_Archive/clean/Drexciya/Grava 4/04 Drexcyen Star Chamber.flac,136.0,0.06449,2559.4,0.4521,3
99_Archive/clean/Drexciya/Grava 4/02 Gravity Waves.flac,129.2,0.16377,2635.2,0.4566,3
99_Archive/clean/Dr. Kucho!/Mac-In-Touch _ Nosferatu!/01 Mac-In-Touch.wav,129.2,0.12387,3411.8,0.4957,3
99_Archive/clean/Drexciya/Grava 4/05 Drexcyen R.E.S.T. Principle.flac,136.0,0.12487,1222.5,0.4055,3
99_Archive/clean/DOJO ZONE/Mediterranean Express EP/04 Viaje del 23 (Isla mix).wav,86.13,0.11848,2605.1,0.1618,1
99_Archive/clean/Drexciya/Grava 4/06 Hightech Nomads.flac,129.2,0.21643,1955.3,0.5053,3
99_Archive/clean/Drexciya/Grava 4/07 Ociya Syndor.flac,68.0,0.13587,2851.7,0.1773,1
99_Archive/clean/Drexciya/Journey of the Deep Sea Dweller IV/01 Intro (The Unknown Aquazone).flac,143.55,0.05918,1926.9,0.4202,3
99_Archive/clean/Drexciya/Grava 4/08 700 Million Light Years From Earth.flac,123.05,0.0705,4049.9,0.3375,2
99_Archive/clean/Drexciya/Grava 4/09 Astronomical Guidepost.flac,117.45,0.16725,3546.6,0.3435,2
99_Archive/clean/Drexciya/Journey of the Deep Sea Dweller IV/02 Depressurization.flac,136.0,0.16947,2805.0,0.5615,3
99_Archive/clean/Drexciya/Journey of the Deep Sea Dweller IV/03 Water Walker.flac,129.2,0.19226,3548.5,0.5988,3
99_Archive/clean/Drexciya/Journey of the Deep Sea Dweller IV/06 Unknown Journey VII.flac,123.05,0.22129,3001.4,0.4608,3
99_Archive/clean/Drexciya/Journey of the Deep Sea Dweller IV/07 Unknown Journey VIII.flac,107.67,0.2346,3164.9,0.4411,3
99_Archive/clean/Drexciya/Journey of the Deep Sea Dweller IV/04 Mantaray.flac,143.55,0.18342,3191.1,0.6507,4
99_Archive/clean/Drexciya/Journey of the Deep Sea Dweller IV/13 (Unknown Interlude).flac,103.36,0.1122,1987.3,0.1287,1
99_Archive/clean/Drexciya/Journey of the Deep Sea Dweller IV/05 Unknown Journey VI.flac,136.0,0.08458,3767.3,0.5654,3
99_Archive/clean/Drexciya/Journey of the Deep Sea Dweller IV/10 Unknown Journey IX.flac,129.2,0.23732,3078.6,0.6568,4
99_Archive/clean/Drexciya/Journey of the Deep Sea Dweller IV/08 Living on the Edge.flac,123.05,0.1428,3966.2,0.384,2
99_Archive/clean/Drexciya/Journey of the Deep Sea Dweller IV/11 Unknown Journey X.flac,129.2,0.20881,2693.8,0.55,3
99_Archive/clean/Drexciya/Journey of the Deep Sea Dweller IV/12 Aquatic Bata Particles.flac,136.0,0.18678,3158.7,0.6355,4
99_Archive/clean/Drexciya/Journey of the Deep Sea Dweller IV/14 Black Sea.flac,92.29,0.21787,1224.5,0.2435,2
99_Archive/clean/Drexciya/Journey of the Deep Sea Dweller IV/09 Hydro Cubes.flac,107.67,0.19921,3589.5,0.3931,2
99_Archive/clean/Dubman F_/Central (Carval Remix).mp3,123.05,0.21808,2928.9,0.4436,3
99_Archive/clean/Drexciya/Journey of the Deep Sea Dweller IV/16 The Last Transmission.flac,129.2,0.16055,2380.1,0.4301,3
99_Archive/clean/Drifters Inc_/Rubber Funk/03 Drifting Away (No Bone Bass Mix).flac,129.2,0.16271,1797.7,0.3906,2
99_Archive/clean/Dubman F_/Central (Hernandez.D Remix).mp3,123.05,0.25604,1769.5,0.433,3
99_Archive/clean/Dubman F_/Central (Meet Dubremix).mp3,123.05,0.16089,2952.3,0.3361,2
99_Archive/clean/Dubman F_/Central (Mrodriguez Remix).mp3,123.05,0.19819,2890.3,0.3991,2
99_Archive/clean/Dubman F_/Dont Laux (Jorge Cary Remix).mp3,117.45,0.19887,2652.9,0.3191,2
99_Archive/clean/Dubman F_/Dont Laux (Kassier Remix).mp3,123.05,0.20968,3462.2,0.4798,3
99_Archive/clean/Dubman F_/Dont Laux (Lionel Escobar Remix).mp3,123.05,0.2863,2279.3,0.5282,3
99_Archive/clean/Drexciya/Journey of the Deep Sea Dweller IV/15 Sighting in the Abyss.flac,123.05,0.1995,3338.9,0.4498,3
99_Archive/clean/Dubman F_/Dont Laux (The Sahoo Conection Remix).mp3,123.05,0.16175,2803.0,0.3229,2
99_Archive/clean/Duke Dumont feat. Jax Jones/I Got U/01 I Got U.mp3,123.05,0.22607,2466.2,0.4189,3
99_Archive/clean/Duowe/Line In The Sand EP/04 Sandy's Sway (1).mp3,129.2,0.23989,2871.6,0.6363,4
"99_Archive/clean/Eclipsed Horizon/Passarani, M.Chrome (Original Mix) 127.mp3",129.2,0.26177,2295.7,0.6358,4
99_Archive/clean/Easy Lee/Ricardo Villalobos (Random Factor Remix) 129.mp3,129.2,0.25469,1417.4,0.5692,3
99_Archive/clean/Dxnby/Ozone.flac,129.2,0.20113,3178.1,0.5902,3
99_Archive/clean/East End Dubs/Fever.flac,129.2,0.28027,2745.5,0.7116,4
99_Archive/clean/Eddie Richards/Feel The Music (Original Mix).mp3,123.05,0.16586,3319.4,0.3862,2
99_Archive/clean/Eder Tobes/Calling (Original Mix).mp3,123.05,0.31882,2061.9,0.5532,3
99_Archive/clean/Eddie Richards/Soul Is Life _ M'Baby/01 Soul Is Life.mp3,123.05,0.25139,2157.2,0.4503,3
99_Archive/clean/Eder Tobes/Irony (Original Mix).mp3,83.35,0.23992,3944.0,0.4575,3
99_Archive/clean/Eder Tobes/The Sun Is Gonna Shine (Original Mix).mp3,123.05,0.17589,4099.2,0.4347,3
99_Archive/clean/Eder Tobes/Time Flies (Original Mix).mp3,123.05,0.26228,3212.9,0.5832,3
99_Archive/clean/Edward Plank/Follow Me (Original Mix).mp3,123.05,0.31751,3190.4,0.6631,4
99_Archive/clean/East End Dubs/Bec's Groove/04 Jazzed in Time (Chris Stussy remix).flac,129.2,0.24867,3132.8,0.6917,4
99_Archive/clean/Dukwa/Tangled/01 Tangled.wav,129.2,0.24689,2934.6,0.6627,4
"99_Archive/clean/Elliot Schooling, Liam Palmer, Halana Roma/Hey Johnny (Extended Mix).mp3",129.2,0.28173,2912.7,0.7327,4
99_Archive/clean/Elijah Jones/Contemplate (Original Mix).mp3,129.2,0.31169,2827.9,0.7645,4
99_Archive/clean/Edward Plank/Power Up (Original Mix).mp3,123.05,0.34299,2907.8,0.6454,4
"99_Archive/clean/Elio Riso, Raffunk/To Be Or Not To Be (Vocal Mix).mp3",129.2,0.20798,2894.1,0.5738,3
"99_Archive/clean/Elleot, Andrey Djackonda/Night'n'Day.mp3",129.2,0.19559,2149.7,0.4785,3
99_Archive/clean/Elysia/The Vibe (Original Mix).mp3,123.05,0.20681,3735.9,0.4885,3
99_Archive/clean/Elysia/Affection (Original Mix).mp3,117.45,0.16181,3432.8,0.3306,2
99_Archive/clean/Enzo Siragusa/Laughing Tones EP/01 Laughing Tones.flac,129.2,0.30714,1947.4,0.6828,4
99_Archive/clean/Enzo Siragusa/Listen.flac,136.0,0.29386,1903.9,0.7383,4
99_Archive/clean/Erickson Gronerth/This Is Another (Original Mix).mp3,123.05,0.28421,3183.8,0.6213,4
99_Archive/clean/Ernest & Frank/Acid Baths (Argy Remix).mp3,129.2,0.35556,830.3,0.6816,4
"99_Archive/clean/Erickson Gronerth, Effio/EH! (Original Mix).mp3",123.05,0.23609,3644.7,0.5508,3
99_Archive/clean/Ernest & Frank/Acid Baths (Original Mix).mp3,123.05,0.21543,3339.0,0.4888,3
99_Archive/clean/Ernest & Frank/Locked (Original Mix).mp3,123.05,0.26685,3093.1,0.5789,3
99_Archive/clean/Ernest & Frank/Why Not (Original Mix).mp3,129.2,0.3198,3486.0,0.8397,5
99_Archive/clean/Energy 52/The Best of the Cafe del Mar Remixes/16 Cafe del Mar (Ricardo Villalobos remix).wav,136.0,0.06784,1860.7,0.3991,2
99_Archive/clean/Eric OS/From The Void/02 Windowbreaker.flac,123.05,0.2045,2503.5,0.3758,2
99_Archive/clean/Eric OS/Liminal Space/03 Shiitake.flac,129.2,0.17701,2866.2,0.5082,3
99_Archive/clean/ESH/Peter Gunn/01 Peter Gunn (Extended Mix).mp3,129.2,0.24414,2476.7,0.6114,4
99_Archive/clean/Eric OS/The Wandering Mind/1-02 Sonic Wave.flac,123.05,0.25434,2541.5,0.4927,3
99_Archive/clean/Espinal & Nova/Too Close (Original Mix).mp3,123.05,0.28349,2427.9,0.5398,3
99_Archive/clean/Evan Duthie/You Got Lucky/01 You Got Lucky.mp3,123.05,0.31724,3198.9,0.6665,4
99_Archive/clean/Eternal Embrace/Swoose (Original Mix) 128.mp3,129.2,0.21891,3980.5,0.6753,4
99_Archive/clean/Evelyn _champagne_ King/The Essential Evelyn _Champagne_ King/1-03 Evelyn _champagne_ King - I'm in Love (12_ version remastered).mp3,112.35,0.10649,3006.0,0.2259,2
99_Archive/clean/Experiencia Y Esperanza/Alfredo Ávila (Original Mix) 124.mp3,123.05,0.29862,2903.9,0.611,4
99_Archive/clean/Fab Massimo/FOR YOU/01 FOR YOU.mp3,123.05,0.20747,3311.1,0.469,3
99_Archive/clean/Fantasy/Dust Yard (Original Mix) 128.mp3,129.2,0.26567,1740.4,0.6075,4
99_Archive/clean/Étienne de Crécy/Super Discount/02 Étienne de Crécy - Prix choc.flac,129.2,0.08793,2841.4,0.4206,3
99_Archive/clean/Fade 2 End/Quiet Storm EP/00 Sundance.flac,129.2,0.09184,2068.5,0.3535,2
99_Archive/clean/Explosion de caca/Best of/05 Chante.flac,63.02,0.29184,2723.1,0.4439,3
99_Archive/clean/Fantastic Man/The Axis of People/02 Warm Waters.flac,136.0,0.20149,3065.5,0.6536,4
"99_Archive/clean/Fantastic Man/Visions of Dance, Vol. 2/01 Beyond Control.flac",129.2,0.14921,2486.9,0.4301,3
99_Archive/clean/Fatima Rainey/Hey/03 Hey (Mount Rushmore's Deep Vocal Mix).flac,129.2,0.17183,3584.7,0.5674,3
99_Archive/clean/Fade 2 End/Quiet Storm EP/00 Daze.flac,129.2,0.10218,4098.6,0.5113,3
99_Archive/clean/FF Edits/You Give Me Something (FF Edits).mp3,117.45,0.19567,3028.1,0.3532,2
99_Archive/clean/Fin & Stanley/One More Word (Michael Ritter Remix).mp3,123.05,0.2548,2241.1,0.4701,3
99_Archive/clean/Felon5/Luckison004/01 Bernie'S Watch.flac,129.2,0.14509,2999.8,0.4794,3
99_Archive/clean/Felon5/Luckison004/03 Dr Rubik.flac,129.2,0.11583,2627.0,0.4151,3
99_Archive/clean/Fin & Stanley/One More Word (Original Mix).mp3,123.05,0.22477,2546.5,0.428,3
99_Archive/clean/Felipe Gordon/The Punk Automata EP/04 Please Don't Go (feat. Bob The Egoist).flac,83.35,0.23914,2641.4,0.3547,2
99_Archive/clean/First Summer/Tuccillo (Original Mix) 122.mp3,123.05,0.26977,2795.4,0.5525,3
99_Archive/clean/Flashmob/Lagoon (Original Mix).mp3,123.05,0.19157,1378.0,0.283,2
99_Archive/clean/FLETCH (GB)/Play House (Original Mix).mp3,129.2,0.22352,3617.0,0.6769,4
99_Archive/clean/Flashmob/Pacific (Original Mix).mp3,123.05,0.26047,1312.8,0.433,3
99_Archive/clean/Flashmob/Wildest (Original Mix).mp3,123.05,0.16345,2987.0,0.3521,2
99_Archive/clean/Fleetwood Mac/Tango in the Night/1-02 Seven Wonders.mp3,117.45,0.13571,2194.2,0.1839,1
99_Archive/clean/Flor Coto/Liquid Heart (Phill Prince Reinterpretation).mp3,129.2,0.23617,1936.4,0.5555,3
99_Archive/clean/Flusong/Dj Life (Original Mix) 136.mp3,136.0,0.22904,1817.6,0.6041,4
99_Archive/clean/FM Stroemer/Morning Light/06 Morning Light (Future Funk remix).mp3,86.13,0.29673,3032.1,0.5214,3
99_Archive/clean/Fog/Atlas Zero One (Original Mix).mp3,123.05,0.27876,2304.1,0.5243,3
99_Archive/clean/Fog/Depth 1 (Original Mix).mp3,99.38,0.22966,2003.8,0.3107,2
99_Archive/clean/Fog/Balanced (Original Mix).mp3,123.05,0.17852,1514.7,0.2626,2
99_Archive/clean/Fog/Depth 2 (Original Mix).mp3,123.05,0.24074,2616.3,0.4693,3
99_Archive/clean/Florence/Bette.flac,117.45,0.10867,2900.4,0.227,2
99_Archive/clean/Fog/Unbalanced (Original Mix).mp3,123.05,0.15653,2506.3,0.2927,2
99_Archive/clean/Forza/Manuel Darquart (Original Mix) 123.mp3,123.05,0.1343,2873.9,0.3075,2
99_Archive/clean/Florence/Music.flac,117.45,0.08994,2949.8,0.222,2
99_Archive/clean/Fracture & Sam Binga/Omura/05 Lake.flac,129.2,0.44406,1718.1,0.7141,4
99_Archive/clean/Fracture & Sam Binga/Omura/01 Omura.flac,129.2,0.21343,2168.2,0.5238,3
99_Archive/clean/Fracture & Sam Binga/Omura/09 Conditional.flac,112.35,0.23052,3548.4,0.4677,3
99_Archive/clean/Fracture & Sam Binga/Omura/06 Xtatic.flac,136.0,0.22677,4248.3,0.7701,4
99_Archive/clean/Fracture & Sam Binga/Omura/02 Advisory List.flac,68.0,0.22915,4309.8,0.4257,3
99_Archive/clean/Francesco Poggi/Turbolar Bells (Original Mix).mp3,123.05,0.20944,3275.1,0.4754,3
99_Archive/clean/Frank & Tony/After All/01 Ways of Mine.mp3,117.45,0.32155,1408.2,0.466,3
99_Archive/clean/Fracture & Sam Binga/Omura/03 Maps.flac,129.2,0.20387,3422.0,0.6233,4
99_Archive/clean/Fracture & Sam Binga/Omura/04 Folds.flac,69.84,0.25309,2501.5,0.3621,2
99_Archive/clean/Fracture & Sam Binga/Omura/10 6 Foot Drift.flac,107.67,0.2384,956.4,0.2978,2
99_Archive/clean/Franky Rizardo/Sprinkler (Original Mix).mp3,129.2,0.26635,2420.0,0.6612,4
99_Archive/clean/Fracture & Sam Binga/Omura/07 Termites.flac,107.67,0.22041,3071.4,0.4012,3
99_Archive/clean/Franky Rizardo/You (Original Mix).mp3,129.2,0.2771,2289.1,0.6705,4
99_Archive/clean/Fracture & Sam Binga/Omura/08 Cold Edge.flac,89.1,0.33396,3057.7,0.5673,3
"99_Archive/clean/Frida Darko, Atric/Hush/01 Hush (Extended Mix).mp3",123.05,0.27528,2027.6,0.4971,3
99_Archive/clean/Future Lab/Strange (Original Mix).mp3,129.2,0.25512,4651.1,0.7682,4
99_Archive/clean/GAGH/Bombo (Original Mix).mp3,83.35,0.27346,3565.1,0.5171,3
99_Archive/clean/GAGH/Break Them Up (Original Mix).mp3,83.35,0.25462,2897.5,0.4213,3
99_Archive/clean/GAGH/Rythm Of The Beat (Original Mix).mp3,129.2,0.1776,3712.1,0.5862,3
99_Archive/clean/GAGH/Zebra (Original Mix).mp3,123.05,0.25163,3310.2,0.5731,3
"99_Archive/clean/Galo Azin, M-Sol Deep, Wisso/No Time (Original Mix) 121.mp3",123.05,0.20235,3196.7,0.4536,3
"99_Archive/clean/Gay Marvine/Secret Mixes Fixes, Vol. 10/01 No No No Señor.mp3",123.05,0.09917,1953.3,0.2016,2
99_Archive/clean/Gap/Janeret (Original Mix) 130.mp3,129.2,0.25004,2264.7,0.6136,4
99_Archive/clean/Furz/Intergalactic Conexion.flac,129.2,0.23556,2962.9,0.6487,4
99_Archive/clean/Future Lab/Turning Around (Original Mix).mp3,129.2,0.22228,3569.5,0.6736,4
99_Archive/clean/Funky Green Dogs From Outer Space/Reach for Me/02 Reach for Me (Vibe mix).flac,117.45,0.12822,4333.2,0.3221,2
99_Archive/clean/Ghoti/Will Hofbauer (Original Mix) 132.mp3,129.2,0.18462,2178.8,0.4654,3
99_Archive/clean/Ghosten/Reductor EP/02 Reductor.mp3,129.2,0.27862,2062.9,0.6582,4
99_Archive/clean/Garrett David/Live From The Dog Cave/01 Ooh Aah.flac,123.05,0.18085,3524.5,0.4326,3
"99_Archive/clean/GIORG, Santez/Love The Way (Original Mix).mp3",83.35,0.17744,3845.5,0.3253,2
99_Archive/clean/GETTRAUM/GETTRAUM Hors Serie 004/02 Madame (Main Mix).flac,123.05,0.10447,2709.5,0.2686,2
"99_Archive/clean/GIORG, Santez/Surrender (Original Mix).mp3",123.05,0.26018,3562.0,0.6092,4
"99_Archive/clean/GIORG, Santez/Timeout (Original Mix).mp3",123.05,0.26274,3275.8,0.5983,3
99_Archive/clean/Glen Horsborough/My Identity (KPD & Lunnas Remix).mp3,123.05,0.17195,4032.0,0.4369,3
99_Archive/clean/Glen Horsborough/My Identity (Original Mix).mp3,123.05,0.24626,3147.3,0.546,3
99_Archive/clean/Gonza Ponce/Cobra (Goodkidmadcity Remix) 121.mp3,123.05,0.20489,3159.4,0.4557,3
99_Archive/clean/Gonza Ponce/Cobra (Original Mix) 117.mp3,117.45,0.28257,2555.2,0.4904,3
99_Archive/clean/Ghoulish/BB-007/00 Chase The Sun.flac,136.0,0.15022,2451.0,0.5009,3
99_Archive/clean/Got Me!/A.Wild (Original Mix) 127.mp3,129.2,0.18834,2935.7,0.5454,3
99_Archive/clean/GREYSKOOLEDITS/Inside The Box/01 Saving My Love In.mp3,123.05,0.20254,3207.1,0.4571,3
99_Archive/clean/Giralda/Spacer Edit.flac,129.2,0.16416,3876.5,0.5721,3
99_Archive/clean/Groove 3/Demuja (Original Mix) 130.mp3,129.2,0.24986,3523.7,0.7339,4
99_Archive/clean/Green Velvet/The Chapters of Green Velvet/01 Green Velvet & Patrick Topping - Voicemail.flac,123.05,0.33058,3186.3,0.6821,4
99_Archive/clean/Guru Reza/About Last Night EP/01 About Last Night.mp3,83.35,0.27577,3360.1,0.5119,3
99_Archive/clean/Gruuve/Deep Realities (Original Mix).mp3,83.35,0.21929,1881.3,0.2547,2
99_Archive/clean/Ground Level/Journey Through the Night (Mount Rushmore Journey Through the Dub).flac,83.35,0.09821,1911.1,0.0837,1
99_Archive/clean/Guru Reza/About Last Night EP/02 Gotta Move.mp3,123.05,0.24024,2695.9,0.4807,3
"99_Archive/clean/Gustaff, Alex Sounds/Flying Fish (Original Mix).mp3",123.05,0.21645,2797.4,0.4413,3
"99_Archive/clean/Gustaff, Alex Sounds/Not Real (Original Mix).mp3",123.05,0.22434,2329.2,0.4155,3
"99_Archive/clean/Hamu Feat. Happie/Traumer, Anton, Antraum, Happie (Extended Version) 128.mp3",129.2,0.19297,2825.7,0.5451,3
99_Archive/clean/Harvey Sutherland/Hummingbird/01 Hummingbird.mp3,129.2,0.27812,2278.7,0.6747,4
99_Archive/clean/Hassio (COL)/Agua De Coco (Original Mix).mp3,123.05,0.17366,3219.3,0.4038,3
99_Archive/clean/Hassio (COL)/Contamined Key (Original Mix).mp3,123.05,0.19312,1238.9,0.2908,2
99_Archive/clean/Hedchef/FBN008 - A Disappeared Regime Of Materiality/01 Immersion (Requires A Certain Stillness).flac,143.55,0.09926,3351.8,0.5717,3
99_Archive/clean/HearThuG/Planet Rhythm X (BP018)/02 Planet Rhythm X.flac,136.0,0.21903,1589.1,0.57,3
99_Archive/clean/HearThuG/Planet Rhythm X (BP018)/04 Love Lesson Ft. Fig Republic.flac,136.0,0.18669,2258.3,0.5439,3
99_Archive/clean/HearThuG/Planet Rhythm X (BP018)/03 The Land of the Never Ending Acid Jazz.flac,99.38,0.17996,2345.2,0.2293,2
99_Archive/clean/HearThuG/Planet Rhythm X (BP018)/01 Earthling.flac,136.0,0.18765,1390.8,0.4965,3
"99_Archive/clean/Helena Hauff/Kern, Vol. 5/01 Esoterik - Mayhem.flac",152.0,0.21306,1262.9,0.5742,3
99_Archive/clean/Hedchef/FBN008 - A Disappeared Regime Of Materiality/02 Gullotine Clause.flac,136.0,0.17926,2160.7,0.5219,3
99_Archive/clean/Hedchef/FBN008 - A Disappeared Regime Of Materiality/03 Dissolve Yourself.flac,89.1,0.23211,1930.0,0.3027,2
99_Archive/clean/Hedchef/FBN008 - A Disappeared Regime Of Materiality/04 Intersequence.flac,129.2,0.24839,1787.2,0.5776,3
99_Archive/clean/Hedchef/FBN008 - A Disappeared Regime Of Materiality/05 Immersion (Denham Audio Remix).flac,143.55,0.1452,2724.6,0.5411,3
99_Archive/clean/Hedchef/FBN008 - A Disappeared Regime Of Materiality/06 Gullotine Clause (Tom Place Remix).flac,107.67,0.23188,2241.7,0.3434,2
"99_Archive/clean/Helena Hauff/Kern, Vol. 5/02 Mononom - Shrinking.flac",103.36,0.23617,2221.9,0.3439,2
"99_Archive/clean/Helena Hauff/Kern, Vol. 5/03 Jaquarius - Metamine.flac",80.75,0.35163,1730.2,0.4304,3
"99_Archive/clean/Helena Hauff/Kern, Vol. 5/05 Galaxian - Private Tyranny.flac",99.38,0.29125,2183.2,0.4482,3
"99_Archive/clean/Helena Hauff/Kern, Vol. 5/04 Slaves of Sinus - Chaos (And Me).flac",69.84,0.18972,2975.9,0.2713,2
"99_Archive/clean/Helena Hauff/Kern, Vol. 5/06 Blackmass Plastics - Holy Handgrenade.flac",103.36,0.22536,2632.0,0.3577,2
"99_Archive/clean/Helena Hauff/Kern, Vol. 5/09 Paul Blackford - Dance Yourself to Death.flac",76.0,0.17952,1958.5,0.1615,1
"99_Archive/clean/Helena Hauff/Kern, Vol. 5/07 Volruptus - We Are the Cyborgs.flac",78.3,0.40675,3209.1,0.5726,3
"99_Archive/clean/Helena Hauff/Kern, Vol. 5/13 Solar X - Bionic Man.flac",80.75,0.22504,1345.3,0.2317,2
"99_Archive/clean/Helena Hauff/Kern, Vol. 5/08 Animistic Beliefs - An Eye for A.I..flac",152.0,0.16406,1929.7,0.5061,3
"99_Archive/clean/Helena Hauff/Kern, Vol. 5/10 DJ Godfather & DJ Starski - City of Boom.flac",76.0,0.26703,2369.1,0.3827,2
"99_Archive/clean/Helena Hauff/Kern, Vol. 5/11 Dirty Hospital - The General.flac",99.38,0.26136,2876.8,0.4592,3
"99_Archive/clean/Helena Hauff/Kern, Vol. 5/14 The Advent - Work Dat.flac",76.0,0.28703,2105.0,0.3993,2
"99_Archive/clean/Helena Hauff/Kern, Vol. 5/12 Galaxian - Glasgow to Detroit.flac",152.0,0.16789,2390.3,0.5472,3
"99_Archive/clean/Helena Hauff/Kern, Vol. 5/15 O-Wells - Park Jit.flac",152.0,0.19782,2633.2,0.6259,4
"99_Archive/clean/Helena Hauff/Kern, Vol. 5/17 Morah & Hauff - Segment 3.flac",99.38,0.3051,1945.9,0.4477,3
"99_Archive/clean/Helena Hauff/Kern, Vol. 5/16 Privacy - Go.flac",76.0,0.20981,2321.4,0.2512,2
"99_Archive/clean/Helena Hauff/Kern, Vol. 5/18 Somatic Responses - Open Window.flac",161.5,0.22236,2351.7,0.6582,4
"99_Archive/clean/Helena Hauff/Kern, Vol. 5/19 Nasenbluten - Intellectual Killer.flac",92.29,0.17953,2959.9,0.2864,2
"99_Archive/clean/Helena Hauff/Kern, Vol. 5/21 L.F.T. - Data Move.flac",136.0,0.34171,2021.6,0.7915,4
"99_Archive/clean/Helena Hauff/Kern, Vol. 5/20 Subtopia - The Mob Rules (Umwelt remix).flac",136.0,0.21314,2279.8,0.6035,4
"99_Archive/clean/Helena Hauff/Kern, Vol. 5/22 QDT - [untitled].flac",152.0,0.26624,2976.4,0.8144,5
"99_Archive/clean/Helena Hauff/Kern, Vol. 5/26 L.F.T. - Nucleon.flac",136.0,0.15566,2152.1,0.4829,3
"99_Archive/clean/Helena Hauff/Kern, Vol. 5/25 Shedbug - Sibelle.flac",136.0,0.31431,2255.8,0.7904,4
"99_Archive/clean/Helena Hauff/Kern, Vol. 5/24 SC-164 - Telegraph.flac",89.1,0.33501,1399.8,0.4384,3
"99_Archive/clean/Helena Hauff/Kern, Vol. 5/29 Shinra - Pinwheel.flac",136.0,0.21923,2212.4,0.6131,4
"99_Archive/clean/Helena Hauff/Kern, Vol. 5/27 Exzakt - Madrid Nights.flac",129.2,0.25197,2735.3,0.666,4
"99_Archive/clean/Helena Hauff/Kern, Vol. 5/28 Umwelt - Starless Night.flac",129.2,0.22649,3213.8,0.6631,4
"99_Archive/clean/Helena Hauff/Kern, Vol. 5/30 Maarten van der Vleuten - Internaut.flac",136.0,0.30503,2874.6,0.8388,5
"99_Archive/clean/Helena Hauff/Kern, Vol. 5_ Mixed by Helena Hauff/32 Kern, Vol. 5 Continuous Mix by Helena Hauff (Part 1).flac",99.38,0.10794,1152.7,0.0867,1
"99_Archive/clean/Helena Hauff/Kern, Vol. 5_ Mixed by Helena Hauff/33 Kern, Vol. 5 Continuous Mix by Helena Hauff (Part 2).flac",136.0,0.13926,1980.9,0.4576,3
99_Archive/clean/Herbert/100 Lbs/1-03 Thinking of You.wav,117.45,0.12593,2962.1,0.2485,2
99_Archive/clean/Heyman/Sky/01 Sky (Original Mix).mp3,129.2,0.32586,2529.7,0.757,4
99_Archive/clean/HFMN/Man Machine (Original Mix).mp3,66.26,0.1977,2598.3,0.2407,2
99_Archive/clean/Hermeth/Emotional Damage/01 Brian's Back.flac,71.78,0.28282,2439.9,0.4157,3
99_Archive/clean/HFMN/Rouge 56 (Original Mix).mp3,129.2,0.21864,1644.8,0.5064,3
99_Archive/clean/Hermeth/Emotional Damage/03 U Know.flac,99.38,0.2523,2985.1,0.4523,3
99_Archive/clean/Hermeth/Emotional Damage/04 DNB BLEM.flac,161.5,0.22572,2934.1,0.7244,4
99_Archive/clean/Hermeth/Turbo Flemme/01 Dale Don.flac,143.55,0.24659,3640.3,0.8183,5
99_Archive/clean/Hermeth/Emotional Damage/02 Distro.flac,143.55,0.40011,2841.2,0.8935,5
99_Archive/clean/Hermeth/Turbo Flemme/02 Do Ma Ting.flac,143.55,0.22026,3097.0,0.7218,4
99_Archive/clean/Hermeth/Turbo Flemme/03 Dale Don (AVALON Remix).flac,136.0,0.35279,2623.8,0.8461,5
99_Archive/clean/Hermeth/Turbo Flemme/04 Do Ma Ting (Buzz Kill Remix).flac,136.0,0.29529,3103.6,0.8567,5
99_Archive/clean/HFMN/Scar (Original Mix).mp3,66.26,0.22285,2266.2,0.2681,2
99_Archive/clean/HFMN/Story Telling (Original Mix).mp3,89.1,0.20555,2080.3,0.2519,2
99_Archive/clean/HFMN/Scratch Tribe (Original Mix).mp3,129.2,0.20462,1991.7,0.4948,3
99_Archive/clean/HIGHLITE/Postman (Extended Mix)/01 Postman (Extended Mix).mp3,123.05,0.17518,3320.2,0.4148,3
99_Archive/clean/HIGHLITE/Fake Moves (Extended Mix)/01 Fake Moves (Extended Mix).mp3,123.05,0.22374,2911.2,0.4718,3
99_Archive/clean/Hidden Empire/Hot Girls Hot Boys/01 Hot Girls Hot Boys (Original Mix).mp3,129.2,0.29715,3072.0,0.7899,4
99_Archive/clean/Holywater/Handle With Care/11 Step Forward.mp3,129.2,0.23086,1924.9,0.5521,3
99_Archive/clean/Hotaru/Mirage Edits/03 Sex Machine (Hotaru Edit).mp3,112.35,0.17778,2806.9,0.2858,2
"99_Archive/clean/HP Vince, Divine/Life Is Beautiful (Original Mix).mp3",123.05,0.29964,2571.3,0.5861,3
99_Archive/clean/https___djsoundtop.com/djsoundtop.com/Veneno (Original Mix) djsoundtop.com.mp3,117.45,0.23154,1820.5,0.329,2
99_Archive/clean/https___djsoundtop.com/djsoundtop.com/BadWolf Alexia Malo - B3SO (Original Mix).mp3,123.05,0.20788,2106.1,0.3624,2
99_Archive/clean/Icy/Marina Trench (Original Mix) 128.mp3,129.2,0.25028,3308.5,0.7248,4
99_Archive/clean/Howl Records/VA ● Dodici/01 HOWL012.1.flac,129.2,0.23557,1819.4,0.5536,3
99_Archive/clean/Il Letto. La Porta. La Musica_/Peter Lc (Don Carlos Remix) 126.mp3,83.35,0.21027,2803.7,0.3124,2
99_Archive/clean/Hi-Jack/Sessuale/14 Sessuale (Club Mix).flac,129.2,0.13906,2861.5,0.4686,3
99_Archive/clean/𝕀𝕟𝕕𝕖𝕔𝕚𝕤𝕚𝕧𝕖_/Indecisive Vol.2/01 Bonsai.mp3,103.36,0.17807,3772.4,0.3557,2
99_Archive/clean/Human Safari/Culture Shock/01 Mouse on Keys.flac,143.55,0.38404,2712.8,0.8792,5
99_Archive/clean/Human Safari/Culture Shock/02 Fragments.flac,143.55,0.41961,2373.9,0.8509,5
99_Archive/clean/Human Safari/Culture Shock/03 Classique.flac,143.55,0.46246,1995.1,0.8236,5
99_Archive/clean/Human Safari/Culture Shock/04 The Labyrinth.flac,143.55,0.35962,2027.5,0.8186,5
99_Archive/clean/Human Safari/Culture Shock/05 A Rainy Day in Bogotá.flac,143.55,0.07778,2576.5,0.4816,3
99_Archive/clean/Infinite Joy/Rowan (Original Mix) 128.mp3,103.36,0.18018,1963.8,0.2072,2
"99_Archive/clean/Information Society/Encode! Classic Remixes, Volume 3/11 The Prize (Kain & Arvy club mix).mp3",129.2,0.28518,2885.7,0.751,4
99_Archive/clean/Human Safari/Culture Shock/06 Dorian.flac,143.55,0.38126,2300.3,0.8426,5
99_Archive/clean/Human Safari/Culture Shock/07 Phantom.flac,143.55,0.33981,3617.1,0.9536,5
99_Archive/clean/Inland Knights _ Freaked/Party Criminals/01 Inland Knights - Summer Now.flac,129.2,0.15219,1989.0,0.4042,3
99_Archive/clean/Indo/Indo – R U Sleeping/03 R U Sleeping (Bump & Flex Vocal).flac,129.2,0.11196,4166.1,0.5281,3
99_Archive/clean/iO/Meuse EP/03 Reponce Profonde.mp3,129.2,0.2866,3104.5,0.7793,4
99_Archive/clean/INVT x Introspekt/Tectónica/01 INVT x Introspekt - Seismic Activity.flac,89.1,0.17072,1719.9,0.1623,1
99_Archive/clean/INVT x Introspekt/Tectónica/02 INVT x Introspekt feat. DJ Teck Turna - Ayo DJ.flac,136.0,0.21889,2023.1,0.5979,3
99_Archive/clean/INVT x Introspekt/Tectónica/03 INVT x Introspekt - Me Prendi.flac,92.29,0.22825,1959.0,0.301,2
99_Archive/clean/Innershades/Faith of the Misbelievers EP/05 Flying Birds in the Sunset.flac,129.2,0.21332,3397.2,0.6521,4
"99_Archive/clean/INVT, Introspekt/TECTONICA/02 DIME SI SE ESCHUCHA.flac",136.0,0.2118,2064.7,0.5862,3
99_Archive/clean/Itoa/Oh No/01 Itoa - Wet Brain.flac,161.5,0.13527,2741.9,0.5473,3
99_Archive/clean/Itoa/Oh No/02 Itoa - We Want.flac,129.2,0.25351,1696.6,0.5919,3
99_Archive/clean/Itoa/Oh No/03 Itoa feat. なかむらみなみ - Oh No (extended mix).flac,161.5,0.25485,2483.2,0.7447,4
"99_Archive/clean/Ivan Kook, Seek Arguedas, Edson Arguedas, Joel Sanchz/El Baile (Original Mix).mp3",123.05,0.25081,1773.8,0.4355,3
99_Archive/clean/Itoa/Oh No/04 Itoa - Fonda U.flac,80.75,0.16085,3309.2,0.2597,2
99_Archive/clean/Itoa/Oh No/05 Itoa - Catch Eyes.flac,80.75,0.21852,2307.2,0.2709,2
"99_Archive/clean/Ivan Kook, Seek Arguedas, Edson Arguedas, Joel Sanchz/Tuki Tuki (Original Mix).mp3",123.05,0.24476,3808.3,0.5868,3
99_Archive/clean/Itoa/Oh No/07 Itoa feat. なかむらみなみ - Oh No (instrumental).flac,161.5,0.28192,2354.5,0.7853,4
99_Archive/clean/J.J. Blender/Frankfurt - Miami (Theo Moral Remix).mp3,136.0,0.16101,3139.1,0.5932,3
99_Archive/clean/IVRISH/Back It/01 Back It feat. NUR. (Extended Mix).mp3,123.05,0.24299,3027.8,0.5256,3
99_Archive/clean/Itoa/Oh No/06 Itoa - Girlboss Microplastix.flac,107.67,0.27531,1923.9,0.4102,3
99_Archive/clean/Itoa/Oh No/08 Itoa - Oh No.flac,161.5,0.29356,2438.5,0.8122,5
99_Archive/clean/James My & Criss/Space Man (Original Mix).mp3,103.36,0.23713,3670.0,0.476,3
99_Archive/clean/James Shinra/Miscellaneous Acid Tracks/03 Endgame.flac,129.2,0.17415,2373.2,0.4681,3
"99_Archive/clean/Jay House, MEZZA/Drop It (David Cueto (ES) Remix).mp3",123.05,0.22696,2529.9,0.4415,3
"99_Archive/clean/Jay House, MEZZA/Drop It (Original Mix).mp3",83.35,0.28242,3015.9,0.4878,3
"99_Archive/clean/Jay House, MEZZA/Drop It (Randy Mas Remix).mp3",123.05,0.22826,3812.5,0.5543,3
99_Archive/clean/Jay Perlestein/Ethereas (BadWolf Remix).mp3,123.05,0.1719,3604.5,0.4279,3
99_Archive/clean/James Shinra/Miscellaneous Acid Tracks/02 Isolate.flac,129.2,0.15891,2625.5,0.465,3
"99_Archive/clean/Jebby Jay, Dub Pepper/Feel It/01 Feel It (Original Mix).mp3",123.05,0.22776,3071.3,0.504,3
99_Archive/clean/James Shinra/Miscellaneous Acid Tracks/01 Turbine.flac,92.29,0.22503,3134.0,0.4059,3
99_Archive/clean/Jason Sparks feat. Siren/The Story of 'O'/03 Gangsters (Si Begg remix).flac,136.0,0.16561,2585.2,0.5378,3
99_Archive/clean/Jaydee/Plastic Dreams (Revisited)/04 Plastic Dreams (Angel Moraes Angel's Dream mix).flac,129.2,0.20659,3427.6,0.6373,4
99_Archive/clean/Jensen Interceptor x Viikatory/I Just Want 2 Dance/01 B2B.flac,83.35,0.20738,2103.8,0.2422,2
99_Archive/clean/Jensen Interceptor x Viikatory/I Just Want 2 Dance/02 Getup!.flac,73.83,0.29117,3263.5,0.5176,3
99_Archive/clean/Jensen Interceptor x Viikatory/I Just Want 2 Dance/04 I Just Want 2 Dance.flac,152.0,0.17821,2037.9,0.5399,3
99_Archive/clean/Jerome Robins/Don't Call Me Baby (Ricardo Espino Remix).mp3,123.05,0.22819,3345.1,0.5316,3
99_Archive/clean/Jess Glynne/I Cry When I Laugh/14 Jess Glynne - Right Here.mp3,117.45,0.24879,2857.3,0.4536,3
99_Archive/clean/Jesse Jacob/Ruisdael Street (Original Mix).mp3,83.35,0.28946,2372.6,0.4358,3
99_Archive/clean/Jesse Jacob/Together (Original Mix).mp3,129.2,0.28698,2589.4,0.7236,4
99_Archive/clean/Jesse Jacob/20 Blocks Around (Original Mix).mp3,123.05,0.33504,1338.4,0.5422,3
99_Archive/clean/Jensen Interceptor x Viikatory/I Just Want 2 Dance/03 Drop 'N' Shake.flac,80.75,0.3146,3267.9,0.5497,3
99_Archive/clean/Jesse Maas/Aura (Original Mix).mp3,86.13,0.28259,3552.4,0.5453,3
99_Archive/clean/Jesse Maas/Bepils (Original Mix).mp3,129.2,0.30309,3608.7,0.8396,5
"99_Archive/clean/Jey Kurmis, Andre Salmon, No Else/Dust & Ashes (Original Mix).mp3",83.35,0.29692,3120.7,0.5255,3
"99_Archive/clean/Jey Kurmis, Andre Salmon, No Else/Dust & Ashes (Prok & Fitch Remix).mp3",129.2,0.31539,1822.2,0.6989,4
99_Archive/clean/Jholeyson/XWay (Original Mix).mp3,129.2,0.22113,3129.6,0.647,4
99_Archive/clean/Jizz/Mint (Original Mix).mp3,129.2,0.15639,3047.5,0.5094,3
99_Archive/clean/Jizz/Datos Erroneos (Original Mix).mp3,129.2,0.28023,1381.7,0.6329,4
99_Archive/clean/Jizz/Sin Concepto (Original Mix).mp3,129.2,0.22311,2105.7,0.5517,3
99_Archive/clean/John Summit/Playa Package/02 John Summit & HAYLA - Where You Are (Millero remix).mp3,123.05,0.1754,3651.8,0.4376,3
99_Archive/clean/John Summit/Playa Package/05 John Summit & HAYLA - Shiver (N.O.Y & Guy Katch remix).mp3,123.05,0.31648,1620.4,0.5396,3
99_Archive/clean/Johnny Fiasco/Things That Go Bump In the Night/02 Take Five.mp3,129.2,0.26884,1306.5,0.6118,4
99_Archive/clean/Jonny N Travis/It's Just A Dream (Djebali Remix).mp3,123.05,0.27236,2716.5,0.5587,3
99_Archive/clean/Jonny N Travis/It's Just A Dream (Original Mix).mp3,63.02,0.23665,2658.7,0.3257,2
99_Archive/clean/JØRD/Daydream/01 Daydream (Original Mix).mp3,123.05,0.20909,2845.1,0.435,3
99_Archive/clean/Josh Baker/Y-EP/04 Laid Back Trax.mp3,99.38,0.23526,2352.6,0.3497,2
99_Archive/clean/Joris Voorn/Global Underground 043_ Joris Voorn in Rotterdam/46 Martin Landsky - Triage.mp3,123.05,0.3301,1663.7,0.553,3
99_Archive/clean/Joy Orbison/Selectors 004/2-02 Stylistic - People (Original Mix).mp3,136.0,0.23854,1329.3,0.6068,4
99_Archive/clean/JKS/Wild Nights EP/01 The Cult.flac,143.55,0.267,2182.4,0.7354,4
99_Archive/clean/Juan Hansen/My Own Game (Oliver Koletzki Remix)/01 My Own Game (Oliver Koletzki Remix).mp3,123.05,0.16682,3317.7,0.4045,3
99_Archive/clean/Juan Pablo Diaz/Power Move (Original Mix).mp3,123.05,0.22889,3321.0,0.5346,3
99_Archive/clean/JKS/Wild Nights EP/02 Charm.flac,143.55,0.31562,1904.6,0.7877,4
99_Archive/clean/JKS/Wild Nights EP/03 Jungle Curse.flac,143.55,0.31511,1805.4,0.78,4
99_Archive/clean/JKS/Wild Nights EP/04 Wild Nights.flac,143.55,0.32669,2129.8,0.8141,5
99_Archive/clean/Julian Millan/Corbel (Original Mix).mp3,123.05,0.27807,3519.3,0.6477,4
"99_Archive/clean/Julian Millan, LaeHz/If U Want (Original Mix).mp3",123.05,0.35465,2023.1,0.5862,3
99_Archive/clean/Joshua/Q/03 Echo Chamber (Joshua's Dubwise Mix).flac,123.05,0.20012,3371.7,0.4726,3
99_Archive/clean/Julian Millan/Memorius (Original Mix).mp3,123.05,0.20121,3523.5,0.4828,3
99_Archive/clean/Justin Timberlake/FutureSex_LoveSounds/1-02 Justin Timberlake feat. Timbaland - SexyBack.mp3,117.45,0.2598,2410.0,0.4355,3
99_Archive/clean/Kalani/Rain Man/05 Solar Swimming.mp3,136.0,0.18106,1030.5,0.4808,3
"99_Archive/clean/Karmon, Luca Luper/Frequency EP/01 Train Fight (Original Mix).mp3",129.2,0.25326,2096.1,0.6202,4
99_Archive/clean/Justin David/To Whom It May Concern.flac,123.05,0.05855,2451.6,0.2333,2
"99_Archive/clean/Karmon, Luca Luper/Frequency EP/02 Frequency (Original Mix).mp3",129.2,0.29892,2383.6,0.7247,4
99_Archive/clean/Kassier/South West (Original Mix).mp3,123.05,0.27792,3139.1,0.6203,4
"99_Archive/clean/Kassier, Mario Donoso/In Da Club (Original Mix).mp3",123.05,0.21646,3693.4,0.5276,3
99_Archive/clean/Ken Ishii/Sleeping Madness/02 Misprogrammed Day.mp3,136.0,0.22871,3081.8,0.7253,4
99_Archive/clean/Kedr Livanskiy/Ariadna/06 Kedr Livanskiy - Za oknom vesna.mp3,129.2,0.2075,3133.9,0.6185,4
"99_Archive/clean/Kolombo, Pysh/Straight From the Heart/02 Straight From the Heart (Deflee Remix).mp3",123.05,0.24562,3477.6,0.579,3
"99_Archive/clean/Kiko, Olivier Giacomotto/Let Me Know/01 Let Me Know (Original Mix).mp3",123.05,0.29909,2712.8,0.6067,4
99_Archive/clean/KPD/Better Or Thicker (Original Mix).mp3,123.05,0.18552,3814.4,0.466,3
99_Archive/clean/Krata/Junkie (Original Mix).mp3,123.05,0.25124,3299.4,0.5835,3
99_Archive/clean/Krata/Runnin (Original Mix).mp3,123.05,0.23728,3075.2,0.5282,3
99_Archive/clean/Kuestenklatsch/All My Friends (Original Mix).mp3,123.05,0.23458,3059.3,0.5212,3
99_Archive/clean/Kuestenklatsch/Everything You Want (Original Mix).mp3,123.05,0.26964,3723.2,0.6479,4
99_Archive/clean/Kuestenklatsch/Feel Good (Original Mix).mp3,123.05,0.23211,3404.5,0.5519,3
99_Archive/clean/Kevin Saunderson/KMS_ The Party of the Year/1-12 Chez Damier - Can You Feel It (NY dub).wav,129.2,0.1597,3998.3,0.5754,3
"99_Archive/clean/Leave A Message (Feat. Poppy Wright & Trick Shady)/Josh Baker, Trick Shady, Poppy Wright (Feat. Poppy Wright & Trick Shady) 125.mp3",123.05,0.2851,2983.8,0.6187,4
99_Archive/clean/Layo & Bushwacka!/Love Story/04 Love Story (Tim Deluxe remix).mp3,129.2,0.17787,3820.6,0.6022,4
99_Archive/clean/Kym Sims/We Gotta Love/05 We Gotta Love (Mixmaster Hard Beat Box Dub).flac,129.2,0.21363,3534.8,0.6643,4
99_Archive/clean/Lacuna/The Voice.flac,129.2,0.08995,2923.6,0.4464,3
99_Archive/clean/Leo Christopher/The Den (Original Mix).mp3,129.2,0.22686,2697.1,0.6143,4
99_Archive/clean/Leon/Echoe (Mr. Big Remix).mp3,123.05,0.3168,2640.5,0.6212,4
99_Archive/clean/L.E.D_/Wish/02 Wish - Inferno Mix.flac,129.2,0.14707,2736.1,0.4692,3
99_Archive/clean/Leon/Echoe (Original Mix).mp3,123.05,0.20353,2602.5,0.4014,3
99_Archive/clean/Larry Tee/Love Machine (Club Mix).flac,123.05,0.02412,4633.6,0.3586,2
99_Archive/clean/Late Nite Tuff Guy/Tuff Cut #12/03 Hot!!.flac,117.45,0.12289,3124.0,0.2672,2
99_Archive/clean/Laura Watling/Twenty-Five/07 Under the Ice.flac,117.45,0.18791,1893.1,0.2389,2
99_Archive/clean/Leon/I Feel (Original Mix).mp3,129.2,0.24819,2112.3,0.6096,4
99_Archive/clean/Leon/Thera (Original Mix).mp3,129.2,0.25596,2972.2,0.7099,4
"99_Archive/clean/Leon (Italy), NiCe7/Please Don't Leave (Leon Dub Mix).mp3",129.2,0.34999,2474.7,0.7725,4
99_Archive/clean/Lee Marrow/Pain (Dangerous Mix)/01 Pain (Dangerous mix).flac,123.05,0.15616,4213.3,0.4255,3
"99_Archive/clean/Leon (Italy), NiCe7/Please Don't Leave (NiCe7 Club Mix).mp3",123.05,0.20178,3053.9,0.4496,3
"99_Archive/clean/Leon (Italy), NiCe7/Please Don't Leave (Original Mix).mp3",123.05,0.08192,4668.8,0.3733,2
"99_Archive/clean/Leon (Italy), NiCe7/Please Don't Leave (Serge Devant Remix).mp3",123.05,0.22571,2246.1,0.4231,3
"99_Archive/clean/Let's Love/Robert Owens, Dj Merci (Original Mix) 124.mp3",161.5,0.17308,3580.8,0.6736,4
99_Archive/clean/Lex Loofah/Freaky Deaky/01 Freaky Deaky (More Bounce to the Ounce mix).mp3,129.2,0.10307,2823.0,0.4424,3
99_Archive/clean/Lisa Jane/Don't You Wanna (Lizzie Curious Remix).mp3,123.05,0.25119,3405.7,0.5948,3
99_Archive/clean/Lisa Jane/Don't You Wanna (Original Mix).mp3,123.05,0.25936,2755.6,0.5455,3
99_Archive/clean/Limousine Dream/The Nug-Net Winner's Circle_ 2025/03 Los Electrones.mp3,129.2,0.2629,3049.8,0.7357,4
99_Archive/clean/LNX ITA/Elektro (Original Mix).mp3,123.05,0.20548,3784.8,0.51,3
99_Archive/clean/Loco Dice/Sweet Nectar Blossom/01 Believe in Me.mp3,123.05,0.34806,1932.8,0.5835,3
99_Archive/clean/Locked Club/It’s My Rave/01 Locked Club - It’s My Rave.flac,129.2,0.31075,3130.8,0.8196,5
99_Archive/clean/Locked Club/It’s My Rave/02 Locked Club ft. Roman The Legend - Rabotaet.flac,129.2,0.28269,2732.2,0.7367,4
99_Archive/clean/Loco Dice/Sweet Nectar Blossom/02 Kanak Funk.mp3,123.05,0.19519,1559.7,0.3147,2
99_Archive/clean/Loco Dice/Sweet Nectar Blossom/03 Sweet Nectar Blossom.mp3,123.05,0.27364,1634.8,0.4875,3
99_Archive/clean/Locked Club/Irak/02 Doschitai.flac,129.2,0.30915,2924.0,0.7931,4
99_Archive/clean/Lorenzo De Blanck/Make Me Feel (Original Mix).mp3,123.05,0.25314,3370.8,0.5996,3
"99_Archive/clean/Lisene, Hartta, Sourpuss, Interplanetary Criminal/Common Ground (BP013)/03 Common Ground.flac",107.67,0.06167,1877.4,0.1019,1
"99_Archive/clean/Lisene, Hartta, Sourpuss, Interplanetary Criminal/Common Ground (BP013)/01 Class Of '92.flac",152.0,0.17925,2508.9,0.5787,3
"99_Archive/clean/Lisene, Hartta, Sourpuss, Interplanetary Criminal/Common Ground (BP013)/02 Hauntology.flac",112.35,0.19162,3785.4,0.3946,2
99_Archive/clean/Locked Club/It’s My Rave/03 Locked Club ft. RLGN - Electro Hund.flac,123.05,0.22967,2730.4,0.48,3
99_Archive/clean/Locked Club/It’s My Rave/04 Locked Club - Dubai Girlfriend.flac,99.38,0.20067,3096.0,0.3501,2
99_Archive/clean/Lorenzo De Blanck/Need Your Love (Original Mix).mp3,123.05,0.29903,3124.7,0.6595,4
99_Archive/clean/LUCH/Anti Conti/01 Anti Conti (Original Mix).mp3,123.05,0.31159,2555.6,0.611,4
99_Archive/clean/Lorenzo Taglieri/Destruction (Extended Mix).mp3,123.05,0.21092,3963.0,0.5306,3
99_Archive/clean/Luca Saporito/Talkin' Like Dat/02 Talkin' Like Dat (Whitesquare Remix).mp3,123.05,0.30629,3237.8,0.6794,4
99_Archive/clean/Luke Alessi/After Five (Pablo Bozzi Remix)/02 After Five (Extended) (Extended).mp3,63.02,0.31768,2791.1,0.4824,3
99_Archive/clean/louie/Wham! - Everything She Wants (Louie's Edit).flac,143.55,0.23432,2767.4,0.7159,4
99_Archive/clean/M.I.A_/Notes From The Underground/09 Make a choice.mp3,129.2,0.34076,2217.9,0.7496,4
99_Archive/clean/Lützenkirchen/Lutzenkirchen's Goldies Not Oldies/13 Daniele Papini - Hidden Source.flac,123.05,0.18869,1995.5,0.3286,2
99_Archive/clean/LUXE & Tom Place/Moonquake/01 Moonquake.flac,143.55,0.28241,1616.5,0.7285,4
99_Archive/clean/LUXE & Tom Place/Moonquake/03 Polarities.flac,112.35,0.26528,1476.6,0.3764,2
99_Archive/clean/LUXE & Tom Place/Moonquake/04 Moonquake [Angel D'Lite remix].flac,107.67,0.28036,2101.8,0.4342,3
99_Archive/clean/Made In TLV/Magneto/01 Magneto (Original Mix).mp3,123.05,0.20998,1675.5,0.354,2
99_Archive/clean/LUXE & Tom Place/Moonquake/02 Out of My Head.flac,112.35,0.22004,2889.0,0.3844,2
99_Archive/clean/Makree/Piano Groove (Original Mix).mp3,123.05,0.20982,3562.9,0.5142,3
99_Archive/clean/Makree/Piano Groove (Sebb Junior Remix).mp3,123.05,0.23119,2673.8,0.4803,3
99_Archive/clean/Manu Pavez/Diálogos Mentales (Original Mix) 120.mp3,117.45,0.16247,3664.3,0.3472,2
99_Archive/clean/Mac Zimms/Feel What I'm Feeling/03 Feel What I'm Feeling (club mix).flac,68.0,0.28416,3133.8,0.4902,3
99_Archive/clean/M-High/Voids.flac,129.2,0.25449,2998.3,0.7113,4
99_Archive/clean/Maciel/Twelve/09 New Rave.flac,136.0,0.22791,2519.3,0.6612,4
99_Archive/clean/Marco Darko/On Tick (Original Mix).mp3,123.05,0.24905,2272.2,0.4813,3
99_Archive/clean/Marco Darko/Preach (Original Mix).mp3,123.05,0.25303,3121.3,0.5789,3
99_Archive/clean/Marco Passarani presents F.F.O.M_/Mirage on the Red Land/08 Passione Orbitale.mp3,129.2,0.26705,2542.2,0.6904,4
99_Archive/clean/Mark Lower/Retro Futurism (Original Mix).mp3,117.45,0.19855,2424.4,0.3009,2
99_Archive/clean/Marks/Mpeg (Original Mix) 131.mp3,129.2,0.14587,4275.2,0.5666,3
99_Archive/clean/Marsolo/What You Say EP/01 What You Say.mp3,129.2,0.30188,1963.6,0.6998,4
99_Archive/clean/Martin Landsky/Dub Identity (Original Mix).mp3,123.05,0.27053,1942.9,0.5028,3
99_Archive/clean/Mason Collective/Party Jumpin'/01 Party Jumpin' (extended mix).mp3,129.2,0.27894,3250.4,0.7904,4
99_Archive/clean/Masupilami/Vacuum (Original Mix).mp3,83.35,0.21809,2550.9,0.3029,2
99_Archive/clean/Matheus Rosa/Shit (Original Mix).mp3,123.05,0.27235,3070.1,0.6114,4
99_Archive/clean/Marc Cotterell/House & Garage Series Vol. 1/02 Facing Up (Grant Nelson Dub Mix).flac,123.05,0.15727,2912.2,0.3572,2
"99_Archive/clean/Matheus Rosa, Shiino/Body Flow (Original Mix).mp3",123.05,0.25158,3196.8,0.5852,3
"99_Archive/clean/Matheus Rosa, Zebob/Close (Original Mix).mp3",123.05,0.26118,2980.9,0.5798,3
99_Archive/clean/Matt Hibbert/Hey Man (Original Mix).mp3,83.35,0.18562,2983.6,0.2803,2
99_Archive/clean/Matt Hibbert/Shaky Shaky Bouncy Bouncy (Original Mix).mp3,63.02,0.30462,3534.7,0.5366,3
99_Archive/clean/Matt Hibbert/The Frenchman (Original Mix).mp3,63.02,0.34451,3164.5,0.5418,3
"99_Archive/clean/Matt, George Z/Down Low/01 Down Low (Extended Mix).mp3",129.2,0.25106,2994.5,0.7033,4
99_Archive/clean/Matteo Costa/Back In (Original Mix).mp3,129.2,0.31384,3052.2,0.8162,5
99_Archive/clean/Matteo Costa/Freakin (Original Mix).mp3,83.35,0.24912,3457.1,0.4657,3
99_Archive/clean/Mauricio Spencer/No Name (Original Mix).mp3,129.2,0.31075,1672.8,0.6938,4
99_Archive/clean/Mauricio Spencer/Shots (Original Mix).mp3,129.2,0.2487,2103.7,0.6153,4
99_Archive/clean/Max Power/Gap (Original Mix).mp3,83.35,0.20932,3693.9,0.3886,2
"99_Archive/clean/Maw 2004 Buzz Electro Bass 707/Masters At Work, Kenny Dope, Louie Vega (Original Mix) 125.mp3",123.05,0.24654,3474.9,0.592,3
99_Archive/clean/Max Power/Movement (Original Mix).mp3,123.05,0.22974,3613.3,0.5659,3
"99_Archive/clean/Max Styler, Deomid/Every Night/01 Every Night (Original Mix).mp3",129.2,0.36148,2975.1,0.8325,5
99_Archive/clean/Maxi Galoppo/Afr (Original Mix).mp3,129.2,0.29384,3240.3,0.8152,5
99_Archive/clean/Maxi Galoppo/Let Me (Original Mix).mp3,129.2,0.25809,3535.5,0.7697,4
"99_Archive/clean/Mediahora, Christian DM/Old School (Amorhouse, Tonix Remix).mp3",123.05,0.31069,3289.0,0.6926,4
"99_Archive/clean/Mediahora, Christian DM/Old School (Rapha (Italy) Remix).mp3",83.35,0.28228,2070.8,0.4017,3
"99_Archive/clean/Mediahora, Christian DM/Old School (Original Mix).mp3",123.05,0.31093,1529.7,0.5442,3
99_Archive/clean/Mella Dee/Sidney Street/01 Sidney Street.mp3,129.2,0.13547,3580.9,0.5441,3
99_Archive/clean/Melo/La Tribu (Original Mix).mp3,123.05,0.30549,3369.5,0.693,4
99_Archive/clean/Melo/Rocket (Original Mix).mp3,83.35,0.16414,3930.2,0.3098,2
"99_Archive/clean/Metroplane, Daniel Wilson/Be Where I Am (feat. Daniel Wilson) [Whitesquare Extended Remix]/01 Be Where I Am feat. Daniel Wilson (Whitesquare Extended Remix).mp3",123.05,0.1573,3108.5,0.3832,2
99_Archive/clean/Michael Jackson/Working Day & Night (Barry & Gibbs Edit)/Working Day & Night (Barry & Gibbs Edit).mp3,129.2,0.12933,3816.9,0.5479,3
99_Archive/clean/Mettabbana/Coil (Kusht Remix) 98.mp3,99.38,0.17423,1162.3,0.1603,1
99_Archive/clean/Midnight City/Get It Up/01 Get It Up.mp3,123.05,0.21009,3130.7,0.4866,3
99_Archive/clean/Midnight City/Get It Up/02 Come To Me.mp3,63.02,0.21837,3499.3,0.3673,2
99_Archive/clean/Mihai Popoviciu/Disfunction (Martin Eyerer Remix).mp3,123.05,0.32664,1959.1,0.583,3
99_Archive/clean/Mihai Popoviciu/Disfunction (Original Mix).mp3,123.05,0.24749,3229.6,0.579,3
99_Archive/clean/Mihai Popoviciu/Travelling Without Moving (Original Mix).mp3,123.05,0.28357,2251.5,0.553,3
99_Archive/clean/Milion_/Oblivion (Original Mix).mp3,83.35,0.25289,2809.8,0.4115,3
99_Archive/clean/Milion_/Out Of Me (Original Mix).mp3,83.35,0.21913,2344.3,0.291,2
99_Archive/clean/Metro/Here For The Love/01 Here For The Love (Metropolitan Acid mix).flac,129.2,0.1306,3808.8,0.5487,3
99_Archive/clean/Milion_/Population (Original Mix).mp3,123.05,0.25359,3157.4,0.5889,3
"99_Archive/clean/Millero, AYYBO/Rizz (Millero Remix)/01 Rizz (Millero Remix).mp3",123.05,0.26289,3018.1,0.5915,3
99_Archive/clean/Mind Games/Franck Roger (Original Mix) 124.mp3,99.38,0.29698,3706.3,0.5929,3
99_Archive/clean/Monojoke/Dhanyavad (Original Mix) 122.mp3,123.05,0.19145,3019.3,0.4344,3
99_Archive/clean/Monojoke/Godavari (Original Mix) 122.mp3,123.05,0.21087,3350.0,0.5105,3
99_Archive/clean/Monojoke/Niketana (Original Mix) 122.mp3,123.05,0.17495,3326.6,0.4356,3
99_Archive/clean/Monojoke/Saumya (Original Mix) 122.mp3,123.05,0.18914,3605.0,0.4792,3
"99_Archive/clean/Mont Rouge, TwoForAll/Back Then/01 Back Then (Extended Mix).mp3",123.05,0.18736,2086.8,0.3394,2
99_Archive/clean/MK/Burning/03 Burning (Vibe mix).flac,117.45,0.26641,3017.7,0.5109,3
"99_Archive/clean/Moreno Pezzolato, Octahvia/Family Affair (Extended Mix).mp3",123.05,0.26701,3622.0,0.6513,4
99_Archive/clean/Miles Atmospheric/SkyHealer/01 Exoplanetology.flac,129.2,0.19448,4074.4,0.6472,4
99_Archive/clean/Move On/Jacy (Original Mix) 123.mp3,123.05,0.16031,3678.3,0.4322,3
99_Archive/clean/Mr Barry/Max Brown (Cris Celiz Remix) 131.mp3,129.2,0.2765,2359.9,0.6947,4
99_Archive/clean/Mr. Falcon/Come True (Original Mix).mp3,123.05,0.20562,3840.1,0.523,3
99_Archive/clean/Mr. Falcon/Darlings (Original Mix).mp3,117.45,0.19172,4274.3,0.4158,3
99_Archive/clean/Mr. Falcon/Go Stupid (Original Mix).mp3,123.05,0.24213,2947.6,0.535,3
99_Archive/clean/Mousse T. vs. Hot ’n’ Juicy/Horny '98/02 Horny '98 (extended mix).flac,123.05,0.12182,3591.5,0.3908,2
99_Archive/clean/Mount Rushmore/The Vibe (That’s Flowing)/04 The Vibe (That’s Flowing) (Lukas’ Pepperoni Slice).wav,123.05,0.20753,2094.0,0.3827,2
99_Archive/clean/Mr. Ho/Michaelsoft/02 Mr. Ho - In‐Best.flac,99.38,0.28118,2679.9,0.4765,3
99_Archive/clean/Morgan Pickles/El Purge.wav,129.2,0.24385,3612.3,0.7408,4
99_Archive/clean/Mr. Ho/Michaelsoft/03 Mr. Ho ft. Xiaolin - Ngomee.flac,136.0,0.19575,2259.7,0.5682,3
99_Archive/clean/Mrs. Wood/Woodwork/12 Feels So Good.mp3,129.2,0.24832,2878.2,0.687,4
99_Archive/clean/Mr. Ho/Michaelsoft/01 Mr. Ho - 000Baby (alternative mix).flac,103.36,0.21189,2385.7,0.307,2
99_Archive/clean/Mystic Love/Anja Schneider (Joe Metzenmacher Remix) 120.mp3,117.45,0.22175,3604.8,0.4634,3
99_Archive/clean/Mr. Ho/Michaelsoft/04 Mr. Ho - Bail‐E.flac,129.2,0.25142,2540.5,0.6608,4
99_Archive/clean/Mr. Ho/Michaelsoft/05 Mr. Ho - Quit Startin’.flac,92.29,0.21171,2825.5,0.3394,2
99_Archive/clean/Mr. Ho/Michaelsoft/06 Mr. Ho - Perfect Round.flac,99.38,0.24669,1870.8,0.3392,2
99_Archive/clean/Mr. Ho/Michaelsoft/07 Mr. Ho - Mind Pollution.flac,143.55,0.25738,1976.3,0.7018,4
99_Archive/clean/N Hancock St/Dj Steaw (Original Mix) 125.mp3,123.05,0.28495,3165.0,0.655,4
"99_Archive/clean/N2N, Rob Marion/Provide (Extended)/01 Provide (Extended).mp3",129.2,0.26509,2839.8,0.7213,4
99_Archive/clean/Mr. Ho/Michaelsoft/08 Mr. Ho - 14ME.flac,143.55,0.23985,3076.1,0.7633,4
99_Archive/clean/Narciso & Gerundino/Harmony (Vertigini Remix).mp3,123.05,0.30306,3328.9,0.6927,4
99_Archive/clean/Narcisse (Mex)/Vile (Original Mix) 110.mp3,112.35,0.26843,1587.0,0.387,2
"99_Archive/clean/Nate S.U, Elijah Something/Electrode (Ben Balance Remix).mp3",129.2,0.29713,2706.5,0.7629,4
"99_Archive/clean/Namby Pamby/Girlz!/03 Girlz!, Pt. 1 (M.B.S Queer Mix).flac",123.05,0.1349,4334.9,0.4202,3
"99_Archive/clean/Nate S.U, Elijah Something/Provocation (Josh Baker Remix).mp3",129.2,0.2406,2406.8,0.6236,4
"99_Archive/clean/Nate S.U, Elijah Something/Electrode (Original Mix).mp3",89.1,0.31839,2176.6,0.4728,3
"99_Archive/clean/Nate S.U, Elijah Something/Provocation (Original Mix).mp3",129.2,0.31793,2375.2,0.7561,4
99_Archive/clean/Nate S.U/Supermodels On Acid Ep/03 NRG 65.flac,129.2,0.24255,3255.3,0.7164,4
99_Archive/clean/Nathan Barato/Hands To The Sky (Original Mix).mp3,123.05,0.26413,2695.5,0.5628,3
99_Archive/clean/ndcysv/Indecisive - DWM.mp3,129.2,0.14755,3113.4,0.5223,3
99_Archive/clean/Ne/Retromigration (Original Mix) 130.mp3,129.2,0.24701,3482.6,0.7445,4
99_Archive/clean/NEIGHBOUR vs DJ SOUP_HOOLA HOOP/Discofari EP/01 Bro Chant (part 1).mp3,123.05,0.12114,2534.2,0.2909,2
99_Archive/clean/Neuro System/Framboisier (Original Mix) 134.mp3,136.0,0.22258,2328.5,0.6322,4
99_Archive/clean/Nathan Coles/Hide & Seek/12 Hide & Seek (Original Mix).flac,129.2,0.20014,2300.3,0.5273,3
99_Archive/clean/Never Wait/Melchior Sultana (Original Mix) 120.mp3,117.45,0.27669,2647.9,0.4922,3
99_Archive/clean/Nihil Young/Out Of Control/01 Out Of Control (Extended Mix).mp3,129.2,0.40266,2283.7,0.7749,4
99_Archive/clean/No Hopes/My Dance/01 My Dance (Extended Mix).mp3,123.05,0.34394,2219.1,0.6153,4
99_Archive/clean/NiQW/Cat Massage (Alec Troniq Remix).mp3,129.2,0.29755,1490.9,0.6787,4
99_Archive/clean/NiQW/Cat Massage (Original Mix).mp3,129.2,0.28221,1619.6,0.6587,4
"99_Archive/clean/Noha, Alex Tea, Pathagonia/Lifechord EP/01 Lifechord (Original Mix).flac",129.2,0.1391,2351.4,0.4369,3
99_Archive/clean/Norway In Italy/Nutritious (Original Mix) 115.mp3,117.45,0.26146,1571.9,0.3861,2
99_Archive/clean/Notre Dame/Candy Cloud/01 Candy Cloud (Original Mix).mp3,123.05,0.24298,2516.0,0.4963,3
99_Archive/clean/Notre Dame/Nobody Told Me EP/01 Nobody Told Me.mp3,123.05,0.16898,2799.4,0.3722,2
99_Archive/clean/Now Dance!/Lolu Menayed (Extended Mix) 128.mp3,129.2,0.26686,3275.7,0.7773,4
"99_Archive/clean/Noha, Alex Tea, Pathagonia/Lifechord EP/03 Electroluv (Original Mix).flac",129.2,0.08702,1991.2,0.3721,2
99_Archive/clean/Nu Bass/D'julz (Sweely Remix) 127.mp3,129.2,0.34562,1891.0,0.7375,4
"99_Archive/clean/Noha, Alex Tea, Pathagonia/Lifechord EP/04 Rebel (Original Mix).flac",129.2,0.21137,1225.9,0.499,3
"99_Archive/clean/Noha, Alex Tea, Pathagonia/Lifechord EP/02 Desire (Original Mix).flac",129.2,0.22244,1313.0,0.524,3
99_Archive/clean/Noir & Haze/Around/03 Around (Solomun Vox mix).flac,117.45,0.1087,2070.3,0.1559,1
"99_Archive/clean/Obsidian/Module One, Soela (Original Mix) 124.mp3",123.05,0.26219,1474.4,0.4748,3
99_Archive/clean/ODCEE/Damm Fresh (Original Mix).mp3,129.2,0.2188,3556.5,0.6884,4
99_Archive/clean/Nexus 8/Love Express (Underplanet Mix).flac,129.2,0.06495,1655.7,0.3451,2
99_Archive/clean/ODCEE/Tipsy (Original Mix).mp3,123.05,0.23015,3240.5,0.5515,3
99_Archive/clean/Odyffe/Keep On Doing (Original Mix).mp3,123.05,0.21857,3213.7,0.5205,3
99_Archive/clean/Odyffe/Play With Me (Original Mix).mp3,123.05,0.28969,3378.4,0.6826,4
99_Archive/clean/Nu‐Birth/Anytime/02 Anytime (Rhythm Masters mix).flac,136.0,0.1283,2564.3,0.4981,3
99_Archive/clean/Ocean Dawn Vs Kid Drama/Functional _ The Tide/01 Functional.flac,161.5,0.24259,3322.3,0.8028,5
"99_Archive/clean/Oliver Klein, Flow & Zeo/Cofé Break EP/02 Café Latte.mp3",63.02,0.15712,1448.1,0.0846,1
"99_Archive/clean/Oliver Koletzki, Frida Darko/Trip With Me/01 Trip With Me (Original Mix).mp3",123.05,0.24577,2175.3,0.4752,3
99_Archive/clean/Ocean Dawn Vs Kid Drama/Functional _ The Tide/02 The Tide.flac,107.67,0.19605,4020.2,0.4033,3
"99_Archive/clean/On Process/E-Talking, Paramida (Mathew Jonson Remix) 130.mp3",129.2,0.23643,1038.1,0.5504,3
99_Archive/clean/Odd Numbers/Need You Closer.flac,129.2,0.16991,2792.8,0.5198,3
99_Archive/clean/OK EG/Prismatic Spring/02 Prismatic Spring.flac,172.27,0.32759,846.3,0.7793,4
99_Archive/clean/OK EG/Prismatic Spring/03 Phase Transition.flac,89.1,0.23272,2146.9,0.3206,2
99_Archive/clean/OK EG/Prismatic Spring/01 Alkaline.flac,129.2,0.20866,1758.4,0.5109,3
99_Archive/clean/OK EG/Prismatic Spring/04 Triple Point.flac,136.0,0.23467,1389.1,0.6041,4
99_Archive/clean/Operator/The Spectral Citadel/01 Dhampir.flac,92.29,0.38822,1408.2,0.4585,3
99_Archive/clean/Operator/The Spectral Citadel/04 Winding and Remote.flac,143.55,0.34746,1841.6,0.8038,5
99_Archive/clean/Operator/The Spectral Citadel/02 The Dress She Wore.flac,136.0,0.36294,2816.6,0.874,5
"99_Archive/clean/Orienta-Rhythm, Dawn Tallman/Get Back To Love (Orienta-Rhythm King Street Edit).mp3",123.05,0.09252,2140.3,0.2437,2
99_Archive/clean/Operator/The Spectral Citadel/03 Vector Spirit.flac,136.0,0.39433,2221.8,0.8219,5
"99_Archive/clean/Orienta-Rhythm, Dawn Tallman/Get Back To Love (Orienta-Rhythm Original Club Mix).mp3",123.05,0.18346,3148.4,0.4401,3
99_Archive/clean/Osc!Lux/Krjuk (Original Mix) 122.mp3,123.05,0.18287,3043.0,0.4253,3
"99_Archive/clean/Oscar G, El Chino Dreadlion/Lost (Original Mix).mp3",123.05,0.06724,2110.0,0.232,2
"99_Archive/clean/Oscar G, El Chino Dreadlion/Lost (Stryke's Kingston Dub).mp3",123.05,0.14545,1568.3,0.2492,2
99_Archive/clean/Osvaldo & Beat/Mutants In The House (Original Mix).mp3,83.35,0.29655,3036.2,0.5155,3
99_Archive/clean/Osvaldo & Beat/Vago De Oro (Original Mix).mp3,117.45,0.31734,2874.1,0.5725,3
99_Archive/clean/Out Wave/Unstoppable (First Mix).mp3,117.45,0.10402,3873.8,0.3015,2
99_Archive/clean/Overwhelmed/Felipe Gordon (Original Mix) 120.mp3,117.45,0.25376,2295.3,0.4164,3
99_Archive/clean/Pablo Bravo/Awake (Original Mix).mp3,83.35,0.20497,2721.6,0.2934,2
99_Archive/clean/Pablo Bravo/Singular (Original Mix).mp3,123.05,0.15143,3713.9,0.4292,3
99_Archive/clean/Pablo Bravo/Vendetta (Original Mix).mp3,123.05,0.20794,3051.8,0.4799,3
"99_Archive/clean/Pablo Say, Pavel Petrov, Christian Nielsen, Seizmic (UK), Enamour, Anyasa/Four To The Floor 46/01 Bring The Lows Up (Original Mix).mp3",129.2,0.25843,3012.6,0.732,4
"99_Archive/clean/Papa Marlin, Bondar/Forever (Original Mix).mp3",63.02,0.29014,3318.0,0.5073,3
"99_Archive/clean/Papa Marlin, Bondar/Reezo Groove (Original Mix).mp3",123.05,0.3725,2695.4,0.6688,4
99_Archive/clean/Paul Lock/You Were Saying EP/04 Say This - Original Mix.mp3,123.05,0.20882,4058.1,0.5417,3
99_Archive/clean/Pariah/Caterpillar/02 Frogspawn.flac,99.38,0.29427,3112.8,0.5484,3
99_Archive/clean/Pariah/Caterpillar/01 Caterpillar.flac,129.2,0.15893,3756.6,0.5827,3
99_Archive/clean/Pariah/Caterpillar/03 One On One.flac,103.36,0.24344,2496.7,0.3838,2
99_Archive/clean/Patagonia; NOHA; Alex Tea/Chi Ci Pensa EP/01 Chi Ci Pensa.flac,123.05,0.20684,2950.5,0.465,3
"99_Archive/clean/Pathagonia, Noha, Alex Tea/Pathagonia - New Rave/02 Destroy Me.flac",129.2,0.2064,1598.0,0.4984,3
"99_Archive/clean/Pathagonia, Noha, Alex Tea/Pathagonia - New Rave/03 Shadows.flac",129.2,0.198,2328.0,0.5298,3
"99_Archive/clean/Pathagonia, Noha, Alex Tea/Pathagonia - New Rave/04 Dirty Harmonics.flac",136.0,0.2146,2158.2,0.6021,4
99_Archive/clean/Peach/Fortune Three/03 Brady's Song.flac,136.0,0.16975,3186.9,0.6155,4
99_Archive/clean/Peach/Fortune Three/01 In Ur Dreams.flac,103.36,0.18564,3468.7,0.3568,2
99_Archive/clean/Peach/Fortune One/02 Ms Cookys.flac,136.0,0.25718,1925.0,0.6811,4
99_Archive/clean/Peach/Fortune One/01 Eclipse.flac,136.0,0.19137,3162.0,0.6553,4
99_Archive/clean/Peach/Fortune Three/04 Brady's Song (Afters Edit).flac,136.0,0.19107,2971.3,0.6306,4
"99_Archive/clean/PETEL, Offir., Jay Meraki, Ben Weiss, Senior Citizen, Gutenn, DANIÑO (03)/Full House VA2/01 Get Down Now (Extended) (Extended).mp3",123.05,0.22974,3043.9,0.5305,3
"99_Archive/clean/Peter Brown, Juan Diaz/Love Attack (Original Mix).mp3",123.05,0.24131,1691.4,0.4375,3
"99_Archive/clean/PEZNT, Brown Sneakers/Am I Wrong (Original Mix).mp3",123.05,0.30737,2937.7,0.6613,4
99_Archive/clean/Pearson Sound/Which Way Is Up/02 Twister.flac,112.35,0.2131,2287.3,0.3108,2
99_Archive/clean/Pearson Sound/Which Way Is Up/01 Hornet.flac,129.2,0.18118,2178.7,0.4849,3
"99_Archive/clean/Phil Weeks/Phil Weeks Presents Crate Diggin’, Vol. 3/01 DJ Assassin - A Face in the Crowd (Intellidread mix).mp3",64.6,0.28582,3262.5,0.4999,3
99_Archive/clean/PHUARM/Jus Right (Bilboni Remix).mp3,123.05,0.24002,2959.7,0.5392,3
99_Archive/clean/PHUARM/Jus Right (Kassier Remix).mp3,123.05,0.24615,2896.5,0.548,3
99_Archive/clean/Pete Blaker/Pete Blaker Edits/01 Love And Devotion.flac,129.2,0.03759,4526.2,0.523,3
99_Archive/clean/Pearson Sound/Which Way Is Up/03 Slingshot.flac,92.29,0.2401,1119.7,0.2917,2
99_Archive/clean/Pearson Sound/Which Way Is Up/04 Which Way Is Up.flac,136.0,0.2785,1880.8,0.7214,4
99_Archive/clean/PHUARM/Jus Right (Original Mix).mp3,123.05,0.20668,3014.6,0.4727,3
99_Archive/clean/Piero Scratch/Got This Love (Original Mix).mp3,123.05,0.26495,3786.3,0.6625,4
99_Archive/clean/Post Play (2)/Post Moves/02 Tell Me I'm Crazy.wav,89.1,0.13821,3030.5,0.2346,2
99_Archive/clean/Piero Scratch/Party People (Original Mix).mp3,129.2,0.32938,3848.5,0.8942,5
99_Archive/clean/Pink Horizon/Marsolo (Extended) 132.mp3,66.26,0.16616,3712.6,0.283,2
99_Archive/clean/Play My Game/Vitess (Original Mix) 131.mp3,129.2,0.16645,2915.5,0.5295,3
99_Archive/clean/Positiver/Natural Instinct/02 Pleasant Point.mp3,136.0,0.26583,3171.4,0.8193,5
99_Archive/clean/Prince/Uptown (Funk Manchu Rework).mp3,123.05,0.16433,3041.6,0.3982,2
99_Archive/clean/Professor (ofc)/Freaky Love EP/02 Freak (Original Mix).mp3,129.2,0.30063,1973.8,0.7124,4
99_Archive/clean/Provider/Isolation Seeker/04 Hesitance.flac,80.75,0.15018,1043.8,0.0859,1
99_Archive/clean/Plastik People Recordings/Warren Clarke - 4 AM Wake Up.wav,83.35,0.1948,2346.0,0.2386,2
99_Archive/clean/Provider/Isolation Seeker/01 Isolation Seeker.flac,89.1,0.26904,2659.3,0.4443,3
99_Archive/clean/Provider/Isolation Seeker/03 Air Pusher.flac,143.55,0.33513,2613.2,0.86,5
99_Archive/clean/Provider/Isolation Seeker/02 Hexanes.flac,143.55,0.40923,1213.8,0.7917,4
99_Archive/clean/Prunk/Le Funk/02 Friday Night.flac,123.05,0.26038,2759.0,0.5687,3
99_Archive/clean/Pizarro/Perdona Me (Forgive Me)/03 Perdona Me (Forgive Me) (Club Mix).flac,161.5,0.03847,3051.9,0.5356,3
99_Archive/clean/PRZ/Wishmaker EP/01 The Zone.flac,129.2,0.37495,2639.3,0.8105,5
99_Archive/clean/Qubiko/No Fear (Extended Mix).mp3,123.05,0.23394,3645.8,0.5893,3
99_Archive/clean/PRZ/Wishmaker EP/02 Ok Electronic.flac,184.57,0.32587,2475.2,0.8541,5
99_Archive/clean/PRZ/Wishmaker EP/03 Wishmaker.flac,136.0,0.26283,2833.7,0.7755,4
99_Archive/clean/PRZ/Wishmaker EP/05 Digital Tsunami.flac,136.0,0.34298,1984.1,0.7972,4
99_Archive/clean/PRZ/Wishmaker EP/04 You Don't Exist.flac,136.0,0.27794,3098.8,0.8338,5
99_Archive/clean/Pure Science/Brighter Days EP/01 Brighter Dayz (Californian Sunshine mix).flac,129.2,0.03601,3633.6,0.5079,3
99_Archive/clean/Pure Science/Brighter Days EP/02 Ooaahh.flac,129.2,0.14198,2965.6,0.5056,3
99_Archive/clean/PRZ/Wishmaker EP/06 Hotspot.flac,136.0,0.31809,2090.0,0.7916,4
99_Archive/clean/Radiant Records/Radiant Records Palestine Comp/01 Cashper - Face the World.flac,117.45,0.07734,1625.1,0.1141,1
99_Archive/clean/Radiant Records/Radiant Records Palestine Comp/02 Byron Yeates - Dream Dance.flac,172.27,0.1689,2243.1,0.5447,3
99_Archive/clean/Radiant Records/Radiant Records Palestine Comp/03 L V J - TRYDOIT.flac,103.36,0.14156,1043.4,0.1193,1
99_Archive/clean/Radiant Records/Radiant Records Palestine Comp/04 Maara - Feel Ma Luv.flac,136.0,0.16914,1900.5,0.4956,3
99_Archive/clean/Radiant Records/Radiant Records Palestine Comp/05 Angel D'Lite - Freaky Nostalgia.flac,69.84,0.20311,2803.2,0.2795,2
99_Archive/clean/Radioactive Man/Radioactive Man/01 The Mezz.flac,129.2,0.08286,1393.8,0.3466,2
99_Archive/clean/Radiant Records/Radiant Records Palestine Comp/06 Abdul Raeva - Stamina.flac,129.2,0.24467,3334.0,0.737,4
99_Archive/clean/Radiant Records/Radiant Records Palestine Comp/08 IN2STELLAR - Scream Queen.flac,92.29,0.24597,2779.2,0.4086,3
99_Archive/clean/Radiant Records/Radiant Records Palestine Comp/07 Eoin DJ - The Pleasure Factor.flac,136.0,0.20721,2860.4,0.652,4
99_Archive/clean/Radiant Records/Radiant Records Palestine Comp/09 Blu_sh - Lovelight.flac,136.0,0.28632,2087.1,0.753,4
99_Archive/clean/Radioactive Man/Radioactive Man/02 Radio Eins (mix 1).flac,129.2,0.15003,2301.7,0.4498,3
99_Archive/clean/Radiant Records/Radiant Records Palestine Comp/10 Match Box - Octopus Dreaming.flac,143.55,0.25423,1865.3,0.688,4
99_Archive/clean/Radiant Records/Radiant Records Palestine Comp/11 Kay Cee - As Good as You (ketia’s Sunrise edit).flac,136.0,0.37103,1617.1,0.7852,4
99_Archive/clean/Radioactive Man/Radioactive Man/03 Do the Radioactive.flac,129.2,0.18355,2118.4,0.4883,3
99_Archive/clean/Radioactive Man/Radioactive Man/04 Major.flac,136.0,0.11397,2170.5,0.4575,3
99_Archive/clean/Radioactive Man/Radioactive Man/05 Goodnight Morton.flac,123.05,0.0496,939.7,0.1848,1
99_Archive/clean/Radioactive Man/Radioactive Man/06 Trespasser.flac,68.0,0.11216,2490.9,0.1201,1
"99_Archive/clean/Rafael, Adam Ten/Sweet Boy/01 Sweet Boy (Original Mix).mp3",123.05,0.2391,2487.0,0.4905,3
"99_Archive/clean/Rafael, Millero/Say That/01 Say That (Original Mix).mp3",123.05,0.26555,1964.1,0.5122,3
99_Archive/clean/Radioactive Man/Radioactive Man/08 Gone Forever.flac,103.36,0.14879,3279.0,0.2874,2
99_Archive/clean/Rando/Black Spirit (Original Mix).mp3,117.45,0.18106,1875.7,0.2265,2
"99_Archive/clean/Raumakustik, Tim Baresko/Noise Voice/01 Noise Voice (extended mix).mp3",123.05,0.29946,3067.5,0.673,4
99_Archive/clean/RAZOR/PARASITE INVISIBLE/02 To PROCEED.mp3,129.2,0.27228,2356.0,0.6967,4
"99_Archive/clean/Reblok, Shermanology/Everybody (Original Mix).mp3",123.05,0.21844,3359.8,0.5387,3
99_Archive/clean/Radioactive Man/Radioactive Man/07 Strong Booze (Transparent Sound remix 1).flac,99.38,0.10191,2702.6,0.18,1
99_Archive/clean/Radioactive Man/Radioactive Man/09 Uranium.flac,123.05,0.0669,2097.3,0.2358,2
"99_Archive/clean/Reblok, Shermanology/Naughtyfication (Original Mix).mp3",123.05,0.27875,3350.0,0.6694,4
99_Archive/clean/Ralphi Rosario/An Instrumental Need/03 Flaco Ritmo (Long Mix).flac,123.05,0.11087,2701.3,0.31,2
99_Archive/clean/Reflex Blue/Fantasy Value/04 Sacred Plant.flac,129.2,0.16827,3012.7,0.5441,3
99_Archive/clean/Reflex Blue/FREE002/01 Trip Sit (Elevate Mix).flac,83.35,0.16199,2893.6,0.2329,2
99_Archive/clean/Reflex Blue/FREE002/03 Jump Code.flac,129.2,0.29706,2083.9,0.7187,4
99_Archive/clean/Reflex Blue/FREE002/02 Geo Technology.flac,136.0,0.28718,2778.2,0.8158,5
99_Archive/clean/Relativ (NL)/Deep Drive (Original Mix).mp3,123.05,0.27205,2113.4,0.5356,3
99_Archive/clean/Relativ (NL)/Funkd (Original Mix).mp3,129.2,0.21325,3192.3,0.6588,4
99_Archive/clean/Relativ (NL)/My Baby (M-High Remix).mp3,129.2,0.29307,2454.7,0.7429,4
99_Archive/clean/Relativ (NL)/My Baby (Original Mix).mp3,129.2,0.20385,2856.4,0.5972,3
"99_Archive/clean/Remember/Fatdog, Cj Raine (Original Mix) 110.mp3",107.67,0.13483,3433.8,0.2888,2
"99_Archive/clean/Ridney, Inaya Day, Richard Earnshaw/Gotta Have (Glen Horsborough Remix).mp3",123.05,0.27061,3196.2,0.6415,4
"99_Archive/clean/Ridney, Inaya Day, Richard Earnshaw/Gotta Have (Original Mix).mp3",123.05,0.11785,1694.4,0.2376,2
99_Archive/clean/Risk Label/Under SP (Original Mix).mp3,123.05,0.32002,2635.3,0.65,4
99_Archive/clean/Reflex Blue/FREE002/04 Kangaroo Jack.flac,143.55,0.12736,2009.5,0.4713,3
99_Archive/clean/Relative Progress/Illustrated Primer EP/03 The Onlookers Chant.flac,66.26,0.08087,1986.6,0.0616,1
99_Archive/clean/René & Peran/Give It to Me/02 Give It to Me (extended).flac,68.0,0.16229,2828.4,0.2038,2
99_Archive/clean/Robin Graham/Enter.1 (Original Mix).mp3,129.2,0.18672,2580.1,0.5349,3
99_Archive/clean/Rolling/Humanly Organized Sound (Original Mix) 124.mp3,123.05,0.20376,2706.4,0.4382,3
99_Archive/clean/Roddy Lima/TOXIC/02 TOXIC (feat. ATIANA) (Original Mix).mp3,129.2,0.18803,2955.1,0.5768,3
99_Archive/clean/Romain Dary/Trust Me/01 Trust Me (Extended Mix).mp3,123.05,0.2998,2226.3,0.592,3
99_Archive/clean/Roberto Surace/Joys/01 Joys (Extended Mix).flac,123.05,0.21296,3687.3,0.5477,3
99_Archive/clean/Romain Garcia/Used To/04 Used To (extended mix).mp3,123.05,0.26835,2528.3,0.5649,3
99_Archive/clean/Robin EE/Keep On (Deep and Far).flac,83.35,0.12227,1091.6,0.0764,1
99_Archive/clean/Rook & Bishop/Obsession (Original Mix).mp3,129.2,0.2408,1916.5,0.5978,3
99_Archive/clean/Rook & Bishop/Obsession (Mr. Fowks Remix).mp3,83.35,0.20082,3191.0,0.3399,2
99_Archive/clean/Rook & Bishop/White Spade (Original Mix).mp3,129.2,0.18965,1891.2,0.487,3
99_Archive/clean/Roxe/Love The Way (Original Mix).mp3,123.05,0.2836,2997.3,0.6427,4
99_Archive/clean/Roxe/This Is What We Do (Original Mix).mp3,123.05,0.22842,3246.0,0.5585,3
99_Archive/clean/RUZE/Box Cutter/01 Box Cutter.mp3,123.05,0.25638,3226.9,0.6193,4
99_Archive/clean/Rufus And Chaka Khan/Ain't Nobody (Petko Turner Edit II).mp3,112.35,0.13397,3539.9,0.2977,2
99_Archive/clean/Rossi_/Welcome EP/04 Memories of Late (Original Mix).flac,86.13,0.12226,3499.9,0.2545,2
99_Archive/clean/RUZE/Box Cutter/02 Right Now.mp3,123.05,0.19554,3699.1,0.5128,3
99_Archive/clean/Sable Sheep/Upon Burning Skies/01 Upon Burning Skies.mp3,123.05,0.18184,3354.0,0.4663,3
"99_Archive/clean/Sage Armstrong, Pheezy420/Fukitup (Original Mix).mp3",123.05,0.2764,2444.4,0.5735,3
99_Archive/clean/Sakro/Jazz On Mars (Original Mix).mp3,129.2,0.1617,3414.4,0.5775,3
99_Archive/clean/Sakro/Lusyd (Original Mix).mp3,129.2,0.14476,2324.3,0.4475,3
99_Archive/clean/Sakro/Supersymmetry (Original Mix).mp3,129.2,0.19593,2402.9,0.54,3
99_Archive/clean/Rudimental/Home/21 Rudimental - Alien Bashment (Chris Stussy remix).flac,129.2,0.2781,2763.9,0.75,4
99_Archive/clean/Sakro/Voices (Original Mix).mp3,129.2,0.17675,1908.8,0.4626,3
99_Archive/clean/RUZE/Chapters/01 Mindset.flac,129.2,0.23164,3188.8,0.7036,4
99_Archive/clean/Sam Goku/Explorations 02/02 x-plor06.mp3,136.0,0.23468,3772.8,0.7907,4
99_Archive/clean/Samantha Loveridge/Backtrack Blow Up (Max Styler Remix)/01 Backtrack Blow Up (Max Styler Remix).mp3,129.2,0.30227,2807.6,0.7923,4
99_Archive/clean/Sami Dee/Keep The Beat Rockin' (Sami Dee's Slammin' Mix).mp3,123.05,0.30911,3936.0,0.7417,4
99_Archive/clean/Sami Dee/Why Don't You (Sami Dee's Dancetering Mix).mp3,123.05,0.27396,2192.6,0.5487,3
99_Archive/clean/Sanchez (UK)/Noiz Werq (Original Mix).mp3,123.05,0.21301,3376.9,0.5345,3
99_Archive/clean/Sam Brickel/Speaking Through Machines/03 Prescient Dream.flac,129.2,0.15566,1976.9,0.4346,3
99_Archive/clean/Sanchez (UK)/Sombrero (Original Mix).mp3,129.2,0.33507,3729.9,0.9011,5
99_Archive/clean/Sam Brickel/Speaking Through Machines/04 Speaking Through Machines.flac,95.7,0.04354,1227.6,0.0622,1
99_Archive/clean/Sam Brickel/Speaking Through Machines/02 Tone Control [Digital Only].flac,129.2,0.30498,2085.2,0.7308,4
99_Archive/clean/Sam Brickel/Speaking Through Machines/01 All I Know Now.flac,129.2,0.286,1674.5,0.6821,4
99_Archive/clean/Sander Kleinenberg/Essential Mix/21 KiNK feat. Milenita - Dame Mas.mp3,123.05,0.25802,2494.5,0.5437,3
99_Archive/clean/Sam Brickel/Speaking Through Machines/06 The Last Question [Vinyl Release].flac,172.27,0.15642,2071.6,0.513,3
99_Archive/clean/Sam Brickel/Speaking Through Machines/05 Speaking Through Machines [Consulate Remix].flac,107.67,0.12057,1398.2,0.1112,1
99_Archive/clean/Sapian/Ruthless Kid/01 Ruthless Kid (Original Mix).mp3,129.2,0.21235,3221.7,0.6647,4
99_Archive/clean/Sascha Sonido/Delta (Original Mix).mp3,123.05,0.26355,1103.9,0.482,3
99_Archive/clean/Sascha Sonido/In The Jungle (Original Mix).mp3,123.05,0.26879,2539.5,0.5705,3
99_Archive/clean/Sascha Sonido/Mindstate (Original Mix).mp3,129.2,0.35289,2497.2,0.7995,4
99_Archive/clean/Scooter/Push the Beat for This Jam_ The Second Chapter/2-05 Ramp! (The Logical Song) (original club mix).mp3,129.2,0.20795,2186.4,0.5496,3
"99_Archive/clean/Sebastian Ledher, Alessio Bianchi/Beat Again (Original Mix).mp3",123.05,0.27565,3524.3,0.6777,4
"99_Archive/clean/SATRx- Sub Label/SatRX005- Dj Quest, 30HZ Rx's/01 Dj Quest _Bytecon_ remix.flac",136.0,0.10485,2628.7,0.4901,3
99_Archive/clean/Sander Kleinenberg/Everybody/1-07 Monkz - Nu Bluez.flac,129.2,0.25911,2171.8,0.6637,4
99_Archive/clean/Sergio Saffe/Holly (Original Mix).mp3,129.2,0.25026,3316.2,0.7573,4
99_Archive/clean/Shaded (LA)/Mad Stacks (Demuir's 'Playboy' Remix).mp3,129.2,0.09045,3164.0,0.5009,3
99_Archive/clean/Shaded (LA)/Mad Stacks (Original Mix).mp3,123.05,0.33867,1690.5,0.5929,3
"99_Archive/clean/SATRx- Sub Label/SatRX005- Dj Quest, 30HZ Rx's/02 30HZ _Bytecon_ remix.flac",107.67,0.15959,2772.8,0.2468,2
99_Archive/clean/Seb Fontaine/Perfecto Presents Type 01/1-04 Chiapet - Westworld (Nic Fanciulli's Skylark mix).flac,129.2,0.23416,3399.2,0.7277,4
99_Archive/clean/Serious Danger/The Program/08 Serious Danger - Battle Plate.flac,136.0,0.30303,3195.2,0.884,5
99_Archive/clean/Sebo K & Metro/Saxtrack/03 Saxtrack (Reboot Twisted Fist remix).wav,123.05,0.16877,2605.4,0.3649,2
99_Archive/clean/Shawn Ward/Sunny Places EP/01 Digital Bug.flac,129.2,0.17816,3355.1,0.6063,4
99_Archive/clean/Sepp/Griffin EP/01 Lurid.flac,123.05,0.17116,2407.9,0.3539,2
99_Archive/clean/Shcuro/Signs of Unsettlement/01 Predicting Mechanisms.flac,73.83,0.19902,2511.6,0.2436,2
99_Archive/clean/Shcuro/Signs of Unsettlement/02 Exclusion.flac,143.55,0.29695,2132.7,0.7857,4
99_Archive/clean/Shcuro/Signs of Unsettlement/03 Surface tension.flac,152.0,0.31334,2230.7,0.8153,5
99_Archive/clean/Shcuro/Signs of Unsettlement/04 Unbearable Heaviness.flac,92.29,0.27603,2067.0,0.4107,3
99_Archive/clean/Shindig/Timeless EP Part 2/01 I Said Come On.flac,123.05,0.11094,3067.2,0.3585,2
99_Archive/clean/Si Begg/Breaks and Rares 1999-2004/02 Si Begg - - I Can't Take It (2020 Remaster).flac,136.0,0.28553,3935.7,0.9022,5
99_Archive/clean/Si Begg/Breaks and Rares 1999-2004/04 Buckfunk 3000 aka Si Begg - The Same Old Thing (Original Mix).flac,161.5,0.22782,3043.3,0.7437,4
99_Archive/clean/Si Begg/Breaks and Rares 1999-2004/07 Christian Harder vs Si Begg - Popland (Unreleased Si Begg Dub).flac,136.0,0.21565,1680.5,0.5793,3
99_Archive/clean/Si Begg/Breaks and Rares 1999-2004/09 Jason Sparks vs Si Begg - Gangsters (Si Begg Unreleased Remix 3).flac,136.0,0.18494,3052.5,0.6317,4
99_Archive/clean/Si Begg/Energie Electrique/01 Energy.flac,129.2,0.18106,1623.9,0.4601,3
99_Archive/clean/Sidney Charles/Low End Theory EP/03 Sidney Charles - We Keep On Groovin.mp3,129.2,0.27353,3446.4,0.8148,5
99_Archive/clean/Si Begg/Breaks and Rares 1999-2004/10 S I Futures aka Si Begg - Technology (Early Version).flac,136.0,0.29117,3222.6,0.8741,5
99_Archive/clean/Si Begg/Energie Electrique/02 Buckfunk Beatz.flac,69.84,0.13414,1888.6,0.0936,1
99_Archive/clean/SInce Always/F Dat (Original Mix).mp3,63.02,0.24917,3190.7,0.4168,3
99_Archive/clean/SInce Always/To Ya! (Original Mix).mp3,129.2,0.25835,3658.5,0.7976,4
99_Archive/clean/Sitges/Luna Ludmila (Original Mix) 131.mp3,129.2,0.30379,2098.2,0.7344,4
99_Archive/clean/Snad/AM Yard/03 The Pursuit.mp3,63.02,0.10928,2846.0,0.1464,1
99_Archive/clean/Slide By Side/K-Lone (Original Mix) 125.mp3,123.05,0.18604,2215.9,0.3645,2
99_Archive/clean/Si Begg/Energie Electrique/03 MS10 Machine Funk.flac,117.45,0.18217,1680.2,0.2182,2
99_Archive/clean/Si Begg/Energie Electrique/04 Electro P1 B.flac,129.2,0.1277,2104.9,0.4233,3
99_Archive/clean/Snowfox/Glennny (Original Mix) 127.mp3,129.2,0.14367,3722.7,0.5779,3
99_Archive/clean/Solee/Herzfunke/01 Herzfunke (Original Mix).mp3,129.2,0.30302,2026.1,0.7286,4
99_Archive/clean/SNK/Samurai Remix/09 Feel It (Mr. Organ Mix).flac,83.35,0.05537,2495.3,0.1179,1
"99_Archive/clean/Some Of It/Lauer, Nixxie (Original Mix) 125.mp3",123.05,0.22528,2618.7,0.4845,3
99_Archive/clean/Someguy/Charge (Original Mix).mp3,123.05,0.33154,3430.2,0.7454,4
99_Archive/clean/Someguy/Rock The Beat (Original Mix).mp3,83.35,0.26081,3302.5,0.485,3
99_Archive/clean/Sound Out/Scratch It EP/01 Scratch It.mp3,123.05,0.30968,2963.0,0.6787,4
99_Archive/clean/Sound Out/Scratch It EP/02 Between the Sheets.mp3,123.05,0.24849,2513.3,0.5264,3
99_Archive/clean/Solitaire Gee/Slumberland/03 Slumberland (edit).flac,123.05,0.0633,3317.4,0.3621,2
99_Archive/clean/Sound Out/Scratch It EP/03 Between the Sheets (Simone Rizzuto remix).mp3,83.35,0.26714,2773.2,0.4402,3
99_Archive/clean/Sound Out/Scratch It EP/04 Scratch It (Lowerdose remix).mp3,123.05,0.26397,3198.6,0.6381,4
99_Archive/clean/Space Planet/A New Dimension of Trance/05 Free My Body (Scream mix).mp3,123.05,0.312,3216.3,0.7136,4
99_Archive/clean/Space Talk/Vince Void (Original Mix) 126.mp3,123.05,0.22659,2876.0,0.517,3
99_Archive/clean/Soul Capsule/Overcome/02 Lady Science (NYC Sunrise).flac,64.6,0.04283,477.5,0.0088,1
99_Archive/clean/Stefano Cioffi/Freak (Original Mix).mp3,123.05,0.27571,3676.3,0.6898,4
"99_Archive/clean/Stefano Noferini, Leonardo Gonnelli/Airgoose (Original Mix).mp3",129.2,0.30388,3122.0,0.8358,5
99_Archive/clean/Stemi/Audio Space 29 (Original Mix).mp3,129.2,0.36317,1783.5,0.7523,4
99_Archive/clean/Stemi/Roots (Original Mix).mp3,129.2,0.27809,2114.0,0.7002,4
99_Archive/clean/Stemi/Transition (Original Mix).mp3,129.2,0.26932,2317.8,0.6995,4
99_Archive/clean/Stacey Pullen/Fabric 14_ Stacey Pullen/06 Peace Division - Beatz in Peacez 03.flac,129.2,0.19335,2797.8,0.5807,3
99_Archive/clean/Steve Hackett/Broken Skies Outspread Wings (1984–2006)/4-06 Dreaming With Open Eyes.mp3,123.05,0.31553,1739.6,0.5838,3
99_Archive/clean/Subb‐an feat. Frank H Carter III/What I Do (Remixes)/04 What I Do (Burnski's _Tulum_ remix).mp3,123.05,0.22341,2783.5,0.4997,3
99_Archive/clean/Sublee/What Goes Around EP/01 Metime.mp3,129.2,0.19012,2300.2,0.5273,3
99_Archive/clean/Stooge/Secrets/01 Secrets.flac,161.5,0.10401,2330.4,0.4847,3
99_Archive/clean/Survival & Silent Witness/In From the Wild/05 Survival & Silent Witness - System Fault (extended mix).mp3,129.2,0.25986,3141.5,0.7675,4
"99_Archive/clean/Sunrise/Satoshi Tomiie, Dopeus (Original Mix) 115.mp3",117.45,0.28932,2557.5,0.5071,3
99_Archive/clean/Sound Set/So In Love With You/03 So In Love With You (Re-Dub).flac,161.5,0.16107,2944.6,0.5983,3
99_Archive/clean/Stussko/Spacefunk EP/01 Spacefunk.flac,129.2,0.21328,2419.5,0.5869,3
99_Archive/clean/Stussko/Audio Control/03 All Night Long.flac,129.2,0.18134,2982.7,0.5763,3
99_Archive/clean/Stussko/Surreal EP/02 Surreal.flac,86.13,0.25523,2622.6,0.4047,3
99_Archive/clean/Sweater/Lost Files Vol. 3/01 Give It Up.flac,161.5,0.07848,1778.9,0.4339,3
99_Archive/clean/Sweater/Lost Files Vol. 3/02 Freak It Baby.flac,123.05,0.15931,1888.9,0.2976,2
99_Archive/clean/SY (DE)/Body Move (Original Mix).mp3,129.2,0.27382,1738.1,0.6672,4
99_Archive/clean/SY (DE)/Breathe (Original Mix).mp3,129.2,0.27113,1822.4,0.6676,4
99_Archive/clean/Sweater/Lost Files Vol. 3/05 Yall Bounced_.flac,129.2,0.17297,2399.0,0.5043,3
99_Archive/clean/SY (DE)/Feel It (Den Haas Remix).mp3,129.2,0.25434,2223.2,0.6638,4
99_Archive/clean/SY (DE)/Feel It (Original Mix).mp3,129.2,0.24055,3231.6,0.7333,4
99_Archive/clean/Swag_ 2nd Shift/Fantasy (80's Late Night Fanta Dub) [feat. 2nd Shift].wav,123.05,0.13439,3028.5,0.3739,2
99_Archive/clean/Sweater/Lost Files Vol. 3/04 Liquid Energy.flac,129.2,0.13781,1892.1,0.4221,3
99_Archive/clean/Sweater/Lost Files Vol. 3/03 Work Ya Body.flac,123.05,0.12665,3070.2,0.3758,2
99_Archive/clean/Talisk/Aura/01 Aura.mp3,129.2,0.28141,3146.0,0.8103,5
99_Archive/clean/The Bit Goes Further/Mees Mattern (Original Mix) 123.mp3,123.05,0.15554,1509.7,0.2731,2
"99_Archive/clean/Tebra, Budajevo/The Flute (Klik & Frik Remix) 115.mp3",117.45,0.13341,2922.2,0.2553,2
99_Archive/clean/The 5th Season/Pistaccio (Original Mix) 130.mp3,129.2,0.2436,3419.5,0.7548,4
99_Archive/clean/Terry Farley/Acid Rain_ Definitive Original Acid and Deep House 1985–1991/3-01 Mike Dunn - Magic Feet.mp3,129.2,0.27192,3268.5,0.8047,5
99_Archive/clean/Talieu/Do What You Want (Talieu's 2023 Re-Dub).wav,63.02,0.25193,3044.1,0.406,3
99_Archive/clean/The Clash & Ranking Roger/Rock the Casbah/01 Rock the Casbah.flac,129.2,0.18333,2928.1,0.5758,3
99_Archive/clean/The Exaltics/II Worlds/2-02 Day by Day.flac,136.0,0.08731,1517.9,0.4063,3
99_Archive/clean/The Exaltics/II Worlds/1-05 One.flac,129.2,0.26381,2216.5,0.6853,4
99_Archive/clean/The Exaltics/II Worlds/2-01 Skyway Chase.flac,136.0,0.21895,2257.7,0.6251,4
99_Archive/clean/The Exaltics/II Worlds/1-03 Tunnel Chase.flac,92.29,0.24023,2274.6,0.3484,2
99_Archive/clean/The Exaltics/II Worlds/1-04 The Others.flac,136.0,0.26897,2461.8,0.7534,4
99_Archive/clean/The Exaltics/II Worlds/1-06 Symbionts Came Through the Green Lights.flac,117.45,0.26264,1545.8,0.3904,2
99_Archive/clean/The One/Fred Everything (Original Mix) 123.mp3,61.52,0.08822,2133.3,0.066,1
99_Archive/clean/The Exaltics/II Worlds/2-04 439.flac,123.05,0.35465,498.1,0.5847,3
99_Archive/clean/The Exaltics/II Worlds/2-05 The Hunt Is On.flac,136.0,0.29972,1680.7,0.7492,4
99_Archive/clean/The Exaltics/II Worlds/2-03 Missing Places.flac,136.0,0.3154,1805.6,0.7725,4
99_Archive/clean/The Exaltics/II Worlds/2-06 Another World Underneath.flac,129.2,0.26024,1945.9,0.6584,4
99_Archive/clean/The String/Mtty (Original Mix) 129.mp3,129.2,0.17389,3116.2,0.5835,3
"99_Archive/clean/The Voyagers/The Hacker, Endrik Schroeder, The Hacker & Endrik Schroeder Project (Original Mix) 132.mp3",89.1,0.31749,2714.8,0.52,3
99_Archive/clean/The Exaltics/II Worlds/2-07 8000 Miles High.flac,107.67,0.35301,1530.6,0.4715,3
99_Archive/clean/The Wildchild Experience/The Best of Wildtrax/09 Jump to My Beat (original version).mp3,123.05,0.10863,3063.0,0.3602,2
99_Archive/clean/Think For Yourself/Intr0beatz (Original Mix) 124.mp3,123.05,0.24808,1866.1,0.4774,3
99_Archive/clean/The Whispers/The Whispers/05 And the Beat Goes On.mp3,112.35,0.17693,2257.7,0.2326,2
99_Archive/clean/Thomas Cerutti/Love Game (Original Mix).mp3,129.2,0.31693,2875.4,0.8274,5
99_Archive/clean/Thomas Cerutti/Pressure (Original Mix).mp3,83.35,0.32655,2770.9,0.5202,3
99_Archive/clean/Tifra/Terra Incognita/04 Terra Incognita (Admo remix).mp3,129.2,0.18395,2202.4,0.5102,3
"99_Archive/clean/Tino, Malachy, Brennan/Foundations EP/03 It's Time.mp3",129.2,0.23084,2942.2,0.6836,4
99_Archive/clean/Tiou De Checheu/Flabbergast (Original Mix) 127.mp3,129.2,0.13179,3478.5,0.562,3
99_Archive/clean/Time Selection/D Stone (Original Mix) 130.mp3,129.2,0.22314,3311.3,0.7056,4
99_Archive/clean/Titus1 feat. Kyle Jordan/Love Is Out There/04 Love Is Out There (Reece Low remix).mp3,123.05,0.31044,1445.0,0.5678,3
99_Archive/clean/Todd Terry/Break Down (Extended Mix).mp3,123.05,0.2426,3548.0,0.6143,4
99_Archive/clean/Tim Green/Body Stars (Original Mix) 123.flac,123.05,0.23255,3578.9,0.5987,3
99_Archive/clean/Todd Terry/UK Bootlegs (Ultimate Edition)/06 The Essence (original mix).mp3,123.05,0.29506,2698.9,0.6386,4
"99_Archive/clean/Tom Da Lips, Carl Hanaghan/I Believe (Original Mix).mp3",123.05,0.18541,2967.1,0.4411,3
99_Archive/clean/Tim Green/You Look Good (Original Mix) 123.flac,123.05,0.21502,3071.8,0.5192,3
"99_Archive/clean/Toni B, Dodi, Roiko (RH), Alt Control, SAQIB, Oldnews/All Stars 09/01 Vibe Check (Original Mix).mp3",123.05,0.24301,2724.7,0.5399,3
99_Archive/clean/Tim Green/Minds (Original Mix) 122.flac,123.05,0.16827,3868.3,0.4761,3
99_Archive/clean/TranceLucent/Bass/01 Bass (original mix).mp3,129.2,0.21559,3413.6,0.6971,4
99_Archive/clean/TN/FXWL 18B/02 Dian Fossey.flac,63.02,0.12542,1502.4,0.0579,1
99_Archive/clean/Todd Terje/Jolene (Todd Terje remix)/01 Jolene (Todd Terje remix).wav,117.45,0.1472,1866.1,0.1763,1
99_Archive/clean/Tred/Fragments Into Nothing/01 Fragments Into Nothing.flac,143.55,0.22329,2257.0,0.647,4
"99_Archive/clean/Trent Voyage x Elena Moroder/Parasol/01 Viola, Rosa, Blu.mp3",123.05,0.24041,3510.4,0.6093,4
99_Archive/clean/Trent Voyage x Elena Moroder/Parasol/03 Feel My Tide.mp3,129.2,0.22422,3067.8,0.6849,4
99_Archive/clean/Tred/Fragments Into Nothing/02 The Manitou.flac,152.0,0.32514,2546.0,0.8528,5
99_Archive/clean/Trumark/Jazz Influence (Original Mix) 120.mp3,117.45,0.16608,1569.5,0.187,1
99_Archive/clean/Tred/Fragments Into Nothing/03 Disconnected (Odyssey mix).flac,69.84,0.24987,2888.5,0.3948,2
99_Archive/clean/Trumark/She Saved My Dreams (Original Mix) 120.mp3,161.5,0.16262,1647.9,0.4957,3
99_Archive/clean/Type3/La Discoteca (Original Mix).mp3,123.05,0.35694,2856.3,0.7032,4
99_Archive/clean/Type3/Sensation (Original Mix).mp3,123.05,0.35011,2655.6,0.6803,4
99_Archive/clean/Tred/Fragments Into Nothing/04 Disconnected (Solid Blake remix).flac,161.5,0.09993,1199.1,0.4245,3
99_Archive/clean/Unknown/Rave Daze 002 [DAZE05].flac,129.2,0.15218,3056.8,0.5451,3
99_Archive/clean/Unknown Artist/EEE shite.flac,129.2,0.16597,2901.2,0.5467,3
99_Archive/clean/Unknown Artist/Hatrie.flac,123.05,0.1702,2531.4,0.3707,2
99_Archive/clean/Unknown/Unknown Artist - I Keep Rising.wav,123.05,0.2509,2301.5,0.5217,3
99_Archive/clean/Untangled/Harrison Bdp (Original Mix) 124.mp3,123.05,0.20141,3251.4,0.509,3
99_Archive/clean/Unlimited Touch ✭ In the middle (✄jkeff.miadancer.edit)/Unlimited Touch ✭ In the middle (✄jkeff.miadancer.edit).mp3,123.05,0.18439,3175.8,0.4673,3
99_Archive/clean/Uriah Persie/Pushing Lights (Original Mix).mp3,123.05,0.24767,3791.9,0.6411,4
99_Archive/clean/Uriah Persie/In My Body (Original Mix).mp3,123.05,0.20073,3533.1,0.526,3
99_Archive/clean/Unknown Artist/Sunrain.flac,123.05,0.17362,1624.3,0.3141,2
99_Archive/clean/Unknown Artist/Untitled.flac,129.2,0.21464,1939.9,0.5587,3
99_Archive/clean/Unknown Artist/Flying High/01 Flying High.flac,123.05,0.16407,2473.2,0.3568,2
99_Archive/clean/Unknown Artist/MYEDITS001/01 MYEDITS001.flac,129.2,0.15809,3338.9,0.5817,3
99_Archive/clean/Unknown Artist/QNQN7932/01 Superman.flac,123.05,0.16313,3024.2,0.4122,3
99_Archive/clean/UNKOWN/Dougie at the ockie.wav,129.2,0.18619,2493.0,0.5416,3
99_Archive/clean/Unknown Artist (ODE)/#A9E4FF B.flac,123.05,0.17483,840.8,0.2998,2
99_Archive/clean/V$T/Clara La San - Let You Go (V$T Speedgarage Flip).flac,143.55,0.13368,3059.2,0.5747,3
99_Archive/clean/Various/Matinée Group Summer 2005 Edition CD2/01 Under 19 - Call Me in America.flac,129.2,0.24902,2391.0,0.671,4
99_Archive/clean/8. Meera (No)/Unknown/No Title Yet (Original Mix) 122.mp3,123.05,0.31677,2033.9,0.6118,4
"99_Archive/clean/2nClubbers, Terry De Jeff/Unknown/Hola Piano (Extended Mix).mp3",129.2,0.30908,3039.7,0.8393,5
99_Archive/clean/AISENMA Beatz/Unknown/Side To Side (Original Mix).mp3,123.05,0.28467,1070.3,0.5331,3
"99_Archive/clean/4 My Babe (Feat. Raz)/Unknown/Raz, Di Saronno (Feat. Raz) 125.mp3",123.05,0.27633,3028.6,0.6475,4
99_Archive/clean/ACID HARRY/Unknown/Latina Flex (Original Mix).mp3,123.05,0.29178,2454.0,0.6157,4
99_Archive/clean/82J6/The Shallow Man/Lug (Original Mix).flac,129.2,0.13211,2669.7,0.4851,3
99_Archive/clean/9A - 129 - Fred Nasen/Remixes/Sunday Visitor (A Visit From The Mingers).flac,129.2,0.06098,2550.6,0.4326,3
99_Archive/clean/$uicideboy$;Shakewell/SHAMELESS $UICIDE/Big Shot Cream Soda.flac,152.0,0.37715,2169.7,0.8393,5
